dataset,instance,num_nodes_base,team_size_base,runs_base,reference_best_score_base,best_score_base,mean_score_base,std_score_base,mean_cpu_time_seconds_base,median_cpu_time_seconds_base,mean_iterations_to_convergence_base,success_rate_percent_base,mean_gap_to_reference_best_percent_base,max_gap_to_reference_best_percent_base,num_nodes_improved,team_size_improved,runs_improved,reference_best_score_improved,best_score_improved,mean_score_improved,std_score_improved,mean_cpu_time_seconds_improved,median_cpu_time_seconds_improved,mean_iterations_to_convergence_improved,success_rate_percent_improved,mean_gap_to_reference_best_percent_improved,max_gap_to_reference_best_percent_improved,score_delta,cpu_delta,gap_delta
chao,p4.2.a.txt,100,2,2,194.0,194.0,194.0,0.0,0.0525155000000268,0.0525155000000268,1.5,100.0,0.0,0.0,100,2,2,194.0,194.0,194.0,0.0,0.0560109999996711,0.0560109999996711,1.5,100.0,0.0,0.0,0.0,0.003495499999644304,0.0
chao,p4.2.b.txt,100,2,2,321.0,321.0,321.0,0.0,0.0731772500002989,0.0731772500002989,13.0,100.0,0.0,0.0,100,2,2,318.0,318.0,317.5,0.7071067811865476,0.0767404500002157,0.0767404500002157,12.0,50.0,0.1572327044025157,0.3144654088050315,-3.5,0.003563199999916805,0.1572327044025157
chao,p4.2.c.txt,100,2,2,432.0,432.0,411.0,29.698484809834994,0.1094174499999098,0.1094174499999098,9.5,50.0,4.861111111111112,9.722222222222223,100,2,2,432.0,432.0,428.5,4.949747468305833,0.1045028999997157,0.1045028999997157,16.0,50.0,0.8101851851851851,1.6203703703703702,17.5,-0.004914550000194098,-4.0509259259259265
chao,p4.2.d.txt,100,2,2,518.0,518.0,506.0,16.97056274847714,0.1483808500006489,0.1483808500006489,16.5,50.0,2.3166023166023164,4.633204633204633,100,2,2,516.0,516.0,506.5,13.435028842544405,0.1373794999999518,0.1373794999999518,20.0,50.0,1.8410852713178296,3.6821705426356592,0.5,-0.011001350000697102,-0.4755170452844868
chao,p4.2.e.txt,100,2,2,606.0,606.0,601.0,7.071067811865476,0.1718442999995204,0.1718442999995204,8.0,50.0,0.825082508250825,1.65016501650165,100,2,2,598.0,598.0,586.5,16.263455967290593,0.1715755000004719,0.1715755000004719,8.0,50.0,1.9230769230769231,3.8461538461538463,-14.5,-0.00026879999904849683,1.0979944148260983
chao,p4.2.f.txt,100,2,2,654.0,654.0,651.5,3.5355339059327378,0.1893779000001814,0.1893779000001814,18.0,50.0,0.382262996941896,0.764525993883792,100,2,2,650.0,650.0,643.5,9.192388155425116,0.1590562000001227,0.1590562000001227,16.5,50.0,1.0,2.0,-8.0,-0.03032170000005871,0.617737003058104
chao,p4.2.g.txt,100,2,2,721.0,721.0,718.5,3.5355339059327378,0.22124574999998,0.22124574999998,11.5,50.0,0.3467406380027739,0.6934812760055479,100,2,2,713.0,713.0,707.0,8.48528137423857,0.1882562499995401,0.1882562499995401,12.5,50.0,0.8415147265077139,1.6830294530154275,-11.5,-0.0329895000004399,0.49477408850494
chao,p4.2.h.txt,100,2,2,771.0,771.0,764.5,9.192388155425116,0.2406296499998461,0.2406296499998461,11.0,50.0,0.8430609597924773,1.6861219195849546,100,2,2,767.0,767.0,760.0,9.899494936611664,0.2330714999998235,0.2330714999998235,12.0,50.0,0.9126466753585396,1.8252933507170797,-4.5,-0.0075581500000226065,0.0695857155660623
chao,p4.2.i.txt,100,2,2,840.0,840.0,820.0,28.284271247461906,0.2760921999993115,0.2760921999993115,9.5,50.0,2.380952380952381,4.761904761904762,100,2,2,840.0,840.0,823.5,23.33452377915607,0.2409501500005717,0.2409501500005717,9.0,50.0,1.9642857142857144,3.928571428571429,3.5,-0.035142049998739794,-0.4166666666666665
chao,p4.2.j.txt,100,2,2,896.0,896.0,889.0,9.899494936611664,0.2766406499999903,0.2766406499999903,10.5,50.0,0.78125,1.5625,100,2,2,895.0,895.0,893.0,2.8284271247461903,0.2747109500005535,0.2747109500005535,10.0,50.0,0.2234636871508379,0.4469273743016759,4.0,-0.0019296999994367625,-0.5577863128491621
chao,p4.2.k.txt,100,2,2,951.0,951.0,938.0,18.384776310850235,0.3186432500001501,0.3186432500001501,5.5,50.0,1.3669821240799158,2.733964248159832,100,2,2,962.0,962.0,940.5,30.405591591021544,0.2841676500001995,0.2841676500001995,11.0,50.0,2.234927234927235,4.46985446985447,2.5,-0.03447559999995059,0.8679451108473191
chao,p4.2.l.txt,100,2,2,1009.0,1009.0,1002.5,9.192388155425116,0.3028485000004366,0.3028485000004366,12.0,50.0,0.6442021803766105,1.288404360753221,100,2,2,1014.0,1014.0,993.5,28.991378028648448,0.2841327999994973,0.2841327999994973,14.5,50.0,2.021696252465483,4.043392504930966,-9.0,-0.018715700000939306,1.3774940720888726
chao,p4.2.m.txt,100,2,2,1083.0,1083.0,1078.0,7.071067811865476,0.3437263499995424,0.3437263499995424,17.5,50.0,0.4616805170821791,0.9233610341643584,100,2,2,1053.0,1053.0,1037.0,22.62741699796952,0.3159516499999881,0.3159516499999881,15.5,50.0,1.519468186134853,3.038936372269706,-41.0,-0.027774699999554286,1.0577876690526737
chao,p4.2.n.txt,100,2,2,1103.0,1103.0,1084.5,26.16295090390226,0.3836812499998814,0.3836812499998814,18.0,50.0,1.6772438803263827,3.354487760652765,100,2,2,1095.0,1095.0,1077.0,25.45584412271571,0.2914344499995422,0.2914344499995422,10.0,50.0,1.643835616438356,3.287671232876712,-7.5,-0.09224680000033919,-0.033408263888026646
chao,p4.2.o.txt,100,2,2,1149.0,1149.0,1142.0,9.899494936611664,0.5395697499998278,0.5395697499998278,15.5,50.0,0.6092254134029591,1.2184508268059182,100,2,2,1144.0,1144.0,1136.5,10.606601717798211,0.2834569999995437,0.2834569999995437,9.5,50.0,0.6555944055944056,1.3111888111888113,-5.5,-0.25611275000028405,0.04636899219144652
chao,p4.2.p.txt,100,2,2,1178.0,1178.0,1174.0,5.656854249492381,0.4493677000000389,0.4493677000000389,16.5,50.0,0.3395585738539898,0.6791171477079796,100,2,2,1163.0,1163.0,1159.5,4.949747468305833,0.3078315000002476,0.3078315000002476,17.0,50.0,0.3009458297506449,0.6018916595012898,-14.5,-0.14153619999979128,-0.03861274410334492
chao,p4.2.q.txt,100,2,2,1206.0,1206.0,1199.0,9.899494936611664,0.3555233000001863,0.3555233000001863,12.5,50.0,0.5804311774461027,1.1608623548922057,100,2,2,1204.0,1204.0,1199.0,7.071067811865476,0.3307061499990595,0.3307061499990595,7.0,50.0,0.4152823920265781,0.8305647840531563,0.0,-0.024817150001126775,-0.16514878541952466
chao,p4.2.r.txt,100,2,2,1205.0,1205.0,1200.0,7.071067811865476,0.3714328500000192,0.3714328500000192,18.0,50.0,0.4149377593360996,0.8298755186721992,100,2,2,1246.0,1246.0,1221.5,34.64823227814083,0.3090263999993112,0.3090263999993112,13.0,50.0,1.9662921348314608,3.932584269662921,21.5,-0.06240645000070799,1.5513543754953611
chao,p4.2.s.txt,100,2,2,1276.0,1276.0,1262.0,19.79898987322333,0.377682399999685,0.377682399999685,9.0,50.0,1.09717868338558,2.19435736677116,100,2,2,1289.0,1289.0,1271.0,25.45584412271571,0.4171175999990737,0.4171175999990737,16.0,50.0,1.3964313421256789,2.7928626842513578,9.0,0.039435199999388715,0.299252658740099
chao,p4.2.t.txt,100,2,2,1295.0,1295.0,1289.5,7.7781745930520225,0.3824365999998917,0.3824365999998917,12.0,50.0,0.4247104247104247,0.8494208494208495,100,2,2,1284.0,1284.0,1279.5,6.363961030678928,0.3633432500009803,0.3633432500009803,12.0,50.0,0.3504672897196261,0.7009345794392523,-10.0,-0.019093349998911435,-0.0742431349907986
chao,p4.3.a.txt,100,3,2,0.0,0.0,0.0,0.0,0.008222299999943,0.008222299999943,0.0,100.0,0.0,0.0,100,3,2,0.0,0.0,0.0,0.0,0.0078569999996034,0.0078569999996034,0.0,100.0,0.0,0.0,0.0,-0.00036530000033960057,0.0
chao,p4.3.b.txt,100,3,2,38.0,38.0,38.0,0.0,0.0273415000001477,0.0273415000001477,0.0,100.0,0.0,0.0,100,3,2,38.0,38.0,38.0,0.0,1.3283023499998308,1.3283023499998308,0.0,100.0,0.0,0.0,0.0,1.300960849999683,0.0
chao,p4.3.c.txt,100,3,2,193.0,193.0,190.0,4.242640687119285,0.0779124000000592,0.0779124000000592,13.5,50.0,1.5544041450777202,3.1088082901554404,100,3,2,187.0,187.0,187.0,0.0,0.0797633500005758,0.0797633500005758,13.5,100.0,0.0,0.0,-3.0,0.0018509500005166046,-1.5544041450777202
chao,p4.3.d.txt,100,3,2,335.0,335.0,328.5,9.192388155425116,0.1215293500004008,0.1215293500004008,17.0,50.0,1.9402985074626864,3.880597014925373,100,3,2,326.0,326.0,324.0,2.8284271247461903,0.1371060500005114,0.1371060500005114,8.5,50.0,0.6134969325153374,1.2269938650306749,-4.5,0.015576700000110605,-1.326801574947349
chao,p4.3.e.txt,100,3,2,460.0,460.0,460.0,0.0,0.1523312500007705,0.1523312500007705,7.0,100.0,0.0,0.0,100,3,2,460.0,460.0,451.5,12.020815280171307,0.1659300500004974,0.1659300500004974,1.0,50.0,1.8478260869565215,3.695652173913044,-8.5,0.013598799999726907,1.8478260869565215
chao,p4.3.f.txt,100,3,2,559.0,559.0,537.0,31.11269837220809,0.1807001999995918,0.1807001999995918,19.5,50.0,3.9355992844364938,7.8711985688729875,100,3,2,544.0,544.0,540.5,4.949747468305833,0.1911347499999465,0.1911347499999465,18.0,50.0,0.6433823529411764,1.2867647058823528,3.5,0.010434550000354703,-3.292216931495317
chao,p4.3.g.txt,100,3,2,622.0,622.0,602.0,28.284271247461906,0.2161365499996463,0.2161365499996463,13.5,50.0,3.215434083601286,6.430868167202572,100,3,2,600.0,600.0,594.5,7.7781745930520225,0.2175408499997502,0.2175408499997502,15.0,50.0,0.9166666666666666,1.8333333333333333,-7.5,0.001404300000103914,-2.2987674169346195
chao,p4.3.h.txt,100,3,2,673.0,673.0,663.0,14.142135623730953,0.2672533499994642,0.2672533499994642,16.0,50.0,1.4858841010401187,2.9717682020802374,100,3,2,675.0,675.0,662.0,18.384776310850235,0.2367999999996755,0.2367999999996755,12.5,50.0,1.925925925925926,3.851851851851852,-1.0,-0.030453349999788715,0.44004182488580734
chao,p4.3.i.txt,100,3,2,774.0,774.0,769.5,6.363961030678928,0.3614526500000465,0.3614526500000465,7.0,50.0,0.5813953488372093,1.162790697674419,100,3,2,767.0,767.0,757.0,14.142135623730953,0.2556779000005917,0.2556779000005917,8.0,50.0,1.303780964797914,2.607561929595828,-12.5,-0.1057747499994548,0.7223856159607046
chao,p4.3.j.txt,100,3,2,833.0,833.0,819.5,19.091883092036785,0.2950212999999166,0.2950212999999166,5.5,50.0,1.6206482593037217,3.241296518607443,100,3,2,833.0,833.0,806.0,38.18376618407357,0.2685615999998845,0.2685615999998845,13.5,50.0,3.241296518607443,6.482593037214886,-13.5,-0.026459700000032116,1.6206482593037213
chao,p4.3.k.txt,100,3,2,878.0,878.0,855.5,31.81980515339464,0.3740296999999373,0.3740296999999373,7.5,50.0,2.562642369020501,5.125284738041002,100,3,2,872.0,872.0,854.5,24.748737341529164,0.2685324999993099,0.2685324999993099,11.5,50.0,2.0068807339449544,4.013761467889909,-1.0,-0.1054972000006274,-0.5557616350755468
chao,p4.3.l.txt,100,3,2,916.0,916.0,892.0,33.94112549695428,0.3827089500000511,0.3827089500000511,16.0,50.0,2.6200873362445414,5.240174672489083,100,3,2,910.0,910.0,886.5,33.23401871576773,0.3095753499992497,0.3095753499992497,9.0,50.0,2.582417582417582,5.164835164835164,-5.5,-0.07313360000080144,-0.03766975382695925
chao,p4.3.m.txt,100,3,2,962.0,962.0,941.5,28.991378028648448,0.360961750000115,0.360961750000115,14.0,50.0,2.130977130977131,4.261954261954262,100,3,2,996.0,996.0,939.0,80.61017305526642,0.3087421500003984,0.3087421500003984,15.5,50.0,5.72289156626506,11.44578313253012,-2.5,-0.05221959999971659,3.5919144352879293
chao,p4.3.n.txt,100,3,2,1056.0,1056.0,1039.5,23.33452377915607,0.3521294000006492,0.3521294000006492,16.0,50.0,1.5625,3.125,100,3,2,1030.0,1030.0,1023.0,9.899494936611664,0.3047531000001982,0.3047531000001982,14.5,50.0,0.6796116504854369,1.3592233009708738,-16.5,-0.04737630000045101,-0.8828883495145631
chao,p4.3.o.txt,100,3,2,1076.0,1076.0,1069.5,9.192388155425116,0.3637143500000093,0.3637143500000093,17.5,50.0,0.604089219330855,1.20817843866171,100,3,2,1089.0,1089.0,1050.0,55.15432893255071,0.3096677499997895,0.3096677499997895,16.5,50.0,3.581267217630854,7.162534435261708,-19.5,-0.05404660000021977,2.9771779982999993
chao,p4.3.p.txt,100,3,2,1155.0,1155.0,1139.5,21.920310216782973,0.3723300000001472,0.3723300000001472,20.0,50.0,1.341991341991342,2.683982683982684,100,3,2,1121.0,1121.0,1115.0,8.48528137423857,0.3279024499997831,0.3279024499997831,14.5,50.0,0.535236396074933,1.070472792149866,-24.5,-0.044427550000364135,-0.8067549459164091
chao,p4.3.q.txt,100,3,2,1169.0,1169.0,1164.0,7.071067811865476,0.4144584000000577,0.4144584000000577,18.5,50.0,0.427715996578272,0.8554319931565441,100,3,2,1164.0,1164.0,1139.5,34.64823227814083,0.3446210499996596,0.3446210499996596,20.0,50.0,2.104810996563574,4.209621993127148,-24.5,-0.06983735000039809,1.677094999985302
chao,p4.3.r.txt,100,3,2,1175.0,1175.0,1165.0,14.142135623730953,0.3866478999998435,0.3866478999998435,12.0,50.0,0.851063829787234,1.702127659574468,100,3,2,1181.0,1181.0,1178.5,3.5355339059327378,0.3583883499995863,0.3583883499995863,4.5,50.0,0.2116850127011007,0.4233700254022015,13.5,-0.028259550000257205,-0.6393788170861333
chao,p4.3.s.txt,100,3,2,1239.0,1239.0,1228.5,14.849242404917495,0.3639892999999574,0.3639892999999574,14.0,50.0,0.847457627118644,1.694915254237288,100,3,2,1253.0,1253.0,1251.5,2.1213203435596424,0.3126126999995904,0.3126126999995904,18.0,50.0,0.1197126895450917,0.2394253790901835,23.0,-0.05137660000036698,-0.7277449375735523
chao,p4.3.t.txt,100,3,2,1271.0,1271.0,1261.0,14.142135623730953,0.371529599999576,0.371529599999576,16.5,50.0,0.7867820613690008,1.5735641227380015,100,3,2,1274.0,1274.0,1272.0,2.8284271247461903,0.3408557999991899,0.3408557999991899,14.5,50.0,0.1569858712715855,0.3139717425431711,11.0,-0.03067380000038611,-0.6297961900974153
chao,p4.4.a.txt,100,4,2,0.0,0.0,0.0,0.0,0.0094030000000202,0.0094030000000202,0.0,100.0,0.0,0.0,100,4,2,0.0,0.0,0.0,0.0,0.0108074500003567,0.0108074500003567,0.0,100.0,0.0,0.0,0.0,0.0014044500003364997,0.0
chao,p4.4.b.txt,100,4,2,0.0,0.0,0.0,0.0,0.0110811499998817,0.0110811499998817,0.0,100.0,0.0,0.0,100,4,2,0.0,0.0,0.0,0.0,0.0100265500004752,0.0100265500004752,0.0,100.0,0.0,0.0,0.0,-0.0010545999994065,0.0
chao,p4.4.c.txt,100,4,2,0.0,0.0,0.0,0.0,0.0091306000003896,0.0091306000003896,0.0,100.0,0.0,0.0,100,4,2,0.0,0.0,0.0,0.0,0.0100444999998217,0.0100444999998217,0.0,100.0,0.0,0.0,0.0,0.0009138999994320988,0.0
chao,p4.4.d.txt,100,4,2,38.0,38.0,38.0,0.0,0.0282769000004918,0.0282769000004918,0.0,100.0,0.0,0.0,100,4,2,38.0,38.0,38.0,0.0,1.5211095999993631,1.5211095999993631,0.0,100.0,0.0,0.0,0.0,1.4928326999988712,0.0
chao,p4.4.e.txt,100,4,2,182.0,182.0,182.0,0.0,0.0783048000002963,0.0783048000002963,10.5,100.0,0.0,0.0,100,4,2,172.0,172.0,172.0,0.0,0.0921187499998268,0.0921187499998268,0.0,100.0,0.0,0.0,-10.0,0.013813949999530506,0.0
chao,p4.4.f.txt,100,4,2,315.0,315.0,312.0,4.242640687119285,0.1249480000001312,0.1249480000001312,14.5,50.0,0.9523809523809524,1.9047619047619049,100,4,2,315.0,315.0,311.0,5.656854249492381,0.1295421999993777,0.1295421999993777,14.5,50.0,1.2698412698412698,2.5396825396825395,-1.0,0.004594199999246484,0.31746031746031733
chao,p4.4.g.txt,100,4,2,444.0,444.0,438.5,7.7781745930520225,0.1758510500003467,0.1758510500003467,15.0,50.0,1.2387387387387387,2.477477477477477,100,4,2,455.0,455.0,438.5,23.33452377915607,0.171000350000213,0.171000350000213,8.0,50.0,3.626373626373627,7.252747252747254,0.0,-0.004850700000133712,2.387634887634888
chao,p4.4.h.txt,100,4,2,522.0,522.0,519.0,4.242640687119285,0.2570897000000514,0.2570897000000514,3.5,50.0,0.5747126436781609,1.1494252873563218,100,4,2,528.0,528.0,526.5,2.1213203435596424,0.2033609999998589,0.2033609999998589,13.0,50.0,0.2840909090909091,0.5681818181818182,7.5,-0.053728700000192475,-0.29062173458725177
chao,p4.4.i.txt,100,4,2,636.0,636.0,630.5,7.7781745930520225,0.2609504500001094,0.2609504500001094,12.5,50.0,0.8647798742138365,1.729559748427673,100,4,2,636.0,636.0,629.0,9.899494936611664,0.2350513499986846,0.2350513499986846,10.5,50.0,1.10062893081761,2.20125786163522,-1.5,-0.025899100001424813,0.23584905660377353
chao,p4.4.j.txt,100,4,2,702.0,702.0,685.5,23.33452377915607,0.261951749999298,0.261951749999298,15.0,50.0,2.3504273504273505,4.700854700854701,100,4,2,711.0,711.0,693.0,25.45584412271571,0.2660393500000282,0.2660393500000282,8.5,50.0,2.5316455696202533,5.063291139240507,7.5,0.004087600000730218,0.18121821919290282
chao,p4.4.k.txt,100,4,2,748.0,748.0,744.5,4.949747468305833,0.2988081999997121,0.2988081999997121,18.5,50.0,0.4679144385026738,0.9358288770053476,100,4,2,745.0,745.0,727.0,25.45584412271571,0.2858601500001896,0.2858601500001896,14.0,50.0,2.416107382550336,4.832214765100671,-17.5,-0.012948049999522482,1.9481929440476624
chao,p4.4.l.txt,100,4,2,836.0,836.0,796.0,56.56854249492381,0.3215608999998949,0.3215608999998949,6.5,50.0,4.784688995215311,9.569377990430622,100,4,2,838.0,838.0,827.5,14.849242404917495,0.3167572999991535,0.3167572999991535,16.5,50.0,1.2529832935560858,2.505966587112172,31.5,-0.004803600000741426,-3.5317057016592255
chao,p4.4.m.txt,100,4,2,896.0,896.0,871.0,35.35533905932738,0.3367511499995999,0.3367511499995999,18.0,50.0,2.790178571428572,5.580357142857143,100,4,2,901.0,901.0,875.5,36.06244584051392,0.3150541000004523,0.3150541000004523,13.5,50.0,2.8301886792452837,5.660377358490567,4.5,-0.021697049999147566,0.04001010781671166
chao,p4.4.n.txt,100,4,2,928.0,928.0,914.0,19.79898987322333,0.3604112499997427,0.3604112499997427,16.5,50.0,1.5086206896551724,3.0172413793103448,100,4,2,927.0,927.0,897.0,42.42640687119285,0.3603985499994451,0.3603985499994451,6.0,50.0,3.2362459546925564,6.472491909385113,-17.0,-1.2700000297627412e-05,1.727625265037384
chao,p4.4.o.txt,100,4,2,972.0,972.0,972.0,0.0,0.3597744499998043,0.3597744499998043,11.0,100.0,0.0,0.0,100,4,2,962.0,962.0,962.0,0.0,0.3782180999996853,0.3782180999996853,16.5,100.0,0.0,0.0,-10.0,0.018443649999881018,0.0
chao,p4.4.p.txt,100,4,2,1009.0,1009.0,972.5,51.61879502661797,0.3747243500001787,0.3747243500001787,12.0,50.0,3.617443012884044,7.234886025768088,100,4,2,1005.0,1005.0,974.5,43.1335136523794,0.3619144000003871,0.3619144000003871,13.0,50.0,3.0348258706467663,6.069651741293533,2.0,-0.01280994999979157,-0.5826171422372775
chao,p4.4.q.txt,100,4,2,1051.0,1051.0,1031.0,28.284271247461906,0.3672635500006436,0.3672635500006436,16.5,50.0,1.9029495718363465,3.805899143672693,100,4,2,1063.0,1063.0,1044.0,26.87005768508881,0.3831727999995564,0.3831727999995564,17.5,50.0,1.7873941674506115,3.574788334901223,13.0,0.0159092499989128,-0.11555540438573497
chao,p4.4.r.txt,100,4,2,1126.0,1126.0,1124.5,2.1213203435596424,0.3753907000000254,0.3753907000000254,18.0,50.0,0.1332149200710479,0.2664298401420959,100,4,2,1129.0,1129.0,1108.0,29.698484809834994,0.3554291000000376,0.3554291000000376,11.0,50.0,1.8600531443755532,3.720106288751107,-16.5,-0.01996159999998781,1.7268382243045053
chao,p4.4.s.txt,100,4,2,1180.0,1180.0,1135.5,62.932503525602726,0.401874300000145,0.401874300000145,9.0,50.0,3.7711864406779663,7.5423728813559325,100,4,2,1185.0,1185.0,1184.5,0.7071067811865476,0.3446569500001715,0.3446569500001715,15.0,50.0,0.0421940928270042,0.0843881856540084,49.0,-0.05721734999997352,-3.728992347850962
chao,p4.4.t.txt,100,4,2,1256.0,1256.0,1232.0,33.94112549695428,0.4141391999996813,0.4141391999996813,18.0,50.0,1.910828025477707,3.821656050955414,100,4,2,1235.0,1235.0,1222.5,17.67766952966369,0.3610146499995608,0.3610146499995608,19.5,50.0,1.0121457489878545,2.0242914979757085,-9.5,-0.05312455000012051,-0.8986822764898525
chao,p5.2.a.txt,66,2,2,0.0,0.0,0.0,0.0,0.0039906999995764,0.0039906999995764,0.0,100.0,0.0,0.0,66,2,2,0.0,0.0,0.0,0.0,0.0039601499993295,0.0039601499993295,0.0,100.0,0.0,0.0,0.0,-3.055000024690044e-05,0.0
chao,p5.2.b.txt,66,2,2,20.0,20.0,20.0,0.0,0.0157371000000239,0.0157371000000239,0.0,100.0,0.0,0.0,66,2,2,20.0,20.0,20.0,0.0,0.0161737999997058,0.0161737999997058,0.0,100.0,0.0,0.0,0.0,0.0004366999996818985,0.0
chao,p5.2.c.txt,66,2,2,50.0,50.0,50.0,0.0,0.0186338499997873,0.0186338499997873,9.0,100.0,0.0,0.0,66,2,2,50.0,50.0,50.0,0.0,0.0172184000002744,0.0172184000002744,7.0,100.0,0.0,0.0,0.0,-0.0014154499995128987,0.0
chao,p5.2.d.txt,66,2,2,80.0,80.0,80.0,0.0,0.0245306500005426,0.0245306500005426,1.0,100.0,0.0,0.0,66,2,2,80.0,80.0,80.0,0.0,0.0235980999996172,0.0235980999996172,1.0,100.0,0.0,0.0,0.0,-0.0009325500009253994,0.0
chao,p5.2.e.txt,66,2,2,180.0,180.0,177.5,3.5355339059327378,0.0318692000000737,0.0318692000000737,4.5,50.0,1.3888888888888888,2.7777777777777777,66,2,2,180.0,180.0,177.5,3.5355339059327378,0.0325861000001168,0.0325861000001168,4.5,50.0,1.3888888888888888,2.7777777777777777,0.0,0.0007169000000431039,0.0
chao,p5.2.f.txt,66,2,2,240.0,240.0,227.5,17.67766952966369,0.0335665000002336,0.0335665000002336,4.0,50.0,5.208333333333334,10.416666666666668,66,2,2,215.0,215.0,215.0,0.0,0.0320444000008137,0.0320444000008137,1.5,100.0,0.0,0.0,-12.5,-0.0015220999994199,-5.208333333333334
chao,p5.2.g.txt,66,2,2,320.0,320.0,320.0,0.0,0.0452880000002551,0.0452880000002551,1.5,100.0,0.0,0.0,66,2,2,320.0,320.0,320.0,0.0,0.0410156000007191,0.0410156000007191,1.5,100.0,0.0,0.0,0.0,-0.004272399999536006,0.0
chao,p5.2.h.txt,66,2,2,390.0,390.0,387.5,3.5355339059327378,0.049652000000151,0.049652000000151,2.0,50.0,0.641025641025641,1.282051282051282,66,2,2,390.0,390.0,387.5,3.5355339059327378,0.0478367500008971,0.0478367500008971,1.5,50.0,0.641025641025641,1.282051282051282,0.0,-0.0018152499992538998,0.0
chao,p5.2.i.txt,66,2,2,460.0,460.0,457.5,3.5355339059327378,0.0542196499995952,0.0542196499995952,6.5,50.0,0.5434782608695652,1.0869565217391304,66,2,2,460.0,460.0,457.5,3.5355339059327378,0.0508355499996469,0.0508355499996469,6.5,50.0,0.5434782608695652,1.0869565217391304,0.0,-0.0033840999999482993,0.0
chao,p5.2.j.txt,66,2,2,555.0,555.0,555.0,0.0,0.0609465000002273,0.0609465000002273,7.5,100.0,0.0,0.0,66,2,2,555.0,555.0,552.5,3.5355339059327378,0.0664701999994576,0.0664701999994576,7.5,50.0,0.4504504504504504,0.9009009009009008,-2.5,0.005523699999230296,0.4504504504504504
chao,p5.2.k.txt,66,2,2,660.0,660.0,650.0,14.142135623730953,0.0685624500001722,0.0685624500001722,9.5,50.0,1.5151515151515151,3.0303030303030303,66,2,2,660.0,660.0,650.0,14.142135623730953,0.0644761499997912,0.0644761499997912,8.5,50.0,1.5151515151515151,3.0303030303030303,0.0,-0.004086300000381002,0.0
chao,p5.2.l.txt,66,2,2,770.0,770.0,760.0,14.142135623730953,0.0796817000000373,0.0796817000000373,12.0,50.0,1.2987012987012987,2.5974025974025974,66,2,2,770.0,770.0,740.0,42.42640687119285,0.0880403000001024,0.0880403000001024,9.0,50.0,3.896103896103896,7.792207792207792,-20.0,0.008358600000065108,2.5974025974025974
chao,p5.2.m.txt,66,2,2,835.0,835.0,817.5,24.748737341529164,0.0965237000000343,0.0965237000000343,5.5,50.0,2.095808383233533,4.191616766467066,66,2,2,830.0,830.0,815.0,21.213203435596427,0.0778585500002009,0.0778585500002009,4.0,50.0,1.8072289156626504,3.614457831325301,-2.5,-0.018665149999833403,-0.2885794675708824
chao,p5.2.n.txt,66,2,2,900.0,900.0,882.5,24.748737341529164,0.0954069500003242,0.0954069500003242,10.5,50.0,1.9444444444444444,3.888888888888889,66,2,2,890.0,890.0,880.0,14.142135623730953,0.3094534499996371,0.3094534499996371,12.5,50.0,1.1235955056179776,2.247191011235955,-2.5,0.21404649999931288,-0.8208489388264668
chao,p5.2.o.txt,66,2,2,995.0,995.0,967.5,38.89087296526012,0.1049856499998895,0.1049856499998895,14.5,50.0,2.763819095477387,5.527638190954774,66,2,2,985.0,985.0,975.0,14.142135623730953,0.1806101500005752,0.1806101500005752,12.0,50.0,1.015228426395939,2.030456852791878,7.5,0.0756245000006857,-1.7485906690814481
chao,p5.2.p.txt,66,2,2,1150.0,1150.0,1105.0,63.63961030678928,0.1186590499996782,0.1186590499996782,10.0,50.0,3.91304347826087,7.82608695652174,66,2,2,1150.0,1150.0,1120.0,42.42640687119285,0.091597950000505,0.091597950000505,17.0,50.0,2.608695652173913,5.217391304347826,15.0,-0.027061099999173208,-1.304347826086957
chao,p5.2.q.txt,66,2,2,1140.0,1140.0,1132.5,10.606601717798211,0.1029159500003515,0.1029159500003515,8.5,50.0,0.6578947368421052,1.3157894736842104,66,2,2,1160.0,1160.0,1135.0,35.35533905932738,0.1129174500001681,0.1129174500001681,15.0,50.0,2.155172413793104,4.310344827586207,2.5,0.010001499999816602,1.4972776769509988
chao,p5.2.r.txt,66,2,2,1250.0,1250.0,1247.5,3.5355339059327378,0.1073736499997721,0.1073736499997721,13.5,50.0,0.2,0.4,66,2,2,1240.0,1240.0,1225.0,21.213203435596427,0.6898574500000905,0.6898574500000905,18.0,50.0,1.2096774193548387,2.419354838709677,-22.5,0.5824838000003184,1.0096774193548388
chao,p5.2.s.txt,66,2,2,1310.0,1310.0,1302.5,10.606601717798211,0.1156448500000806,0.1156448500000806,16.0,50.0,0.5725190839694656,1.1450381679389312,66,2,2,1325.0,1325.0,1312.5,17.67766952966369,0.1785783999994237,0.1785783999994237,17.5,50.0,0.9433962264150944,1.8867924528301887,10.0,0.06293354999934311,0.37087714244562875
chao,p5.2.t.txt,66,2,2,1390.0,1390.0,1362.5,38.89087296526012,0.12071294999987,0.12071294999987,10.0,50.0,1.9784172661870505,3.956834532374101,66,2,2,1390.0,1390.0,1365.0,35.35533905932738,0.1045965500006786,0.1045965500006786,9.5,50.0,1.7985611510791366,3.597122302158273,2.5,-0.0161163999991914,-0.17985611510791388
chao,p5.2.u.txt,66,2,2,1460.0,1460.0,1445.0,21.213203435596427,0.1191928500002177,0.1191928500002177,18.0,50.0,1.0273972602739725,2.054794520547945,66,2,2,1440.0,1440.0,1417.5,31.81980515339464,0.1135278000001562,0.1135278000001562,10.0,50.0,1.5625,3.125,-27.5,-0.005665050000061497,0.5351027397260275
chao,p5.2.v.txt,66,2,2,1475.0,1475.0,1470.0,7.071067811865476,0.1131285000001298,0.1131285000001298,9.0,50.0,0.3389830508474576,0.6779661016949152,66,2,2,1485.0,1485.0,1480.0,7.071067811865476,0.1502966499992908,0.1502966499992908,8.5,50.0,0.3367003367003366,0.6734006734006733,10.0,0.03716814999916099,-0.002282714147121001
chao,p5.2.w.txt,66,2,2,1540.0,1540.0,1530.0,14.142135623730953,0.1254228999996485,0.1254228999996485,17.5,50.0,0.6493506493506493,1.2987012987012987,66,2,2,1525.0,1525.0,1522.5,3.5355339059327378,0.1964822499994625,0.1964822499994625,10.5,50.0,0.1639344262295081,0.3278688524590163,-7.5,0.071059349999814,-0.48541622312114124
chao,p5.2.x.txt,66,2,2,1590.0,1590.0,1577.5,17.67766952966369,0.1323409999999967,0.1323409999999967,10.0,50.0,0.7861635220125787,1.572327044025157,66,2,2,1570.0,1570.0,1567.5,3.5355339059327378,0.2511937500003114,0.2511937500003114,10.5,50.0,0.1592356687898089,0.3184713375796179,-10.0,0.1188527500003147,-0.6269278532227698
chao,p5.2.y.txt,66,2,2,1625.0,1625.0,1620.0,7.071067811865476,0.1187316000005012,0.1187316000005012,9.5,50.0,0.3076923076923077,0.6153846153846154,66,2,2,1620.0,1620.0,1615.0,7.071067811865476,0.1145640000004277,0.1145640000004277,15.5,50.0,0.3086419753086419,0.6172839506172839,-5.0,-0.004167600000073504,0.0009496676163341933
chao,p5.2.z.txt,66,2,2,1665.0,1665.0,1657.5,10.606601717798211,0.1276059500005431,0.1276059500005431,7.0,50.0,0.4504504504504504,0.9009009009009008,66,2,2,1665.0,1665.0,1657.5,10.606601717798211,0.1762005999989924,0.1762005999989924,2.5,50.0,0.4504504504504504,0.9009009009009008,0.0,0.04859464999844931,0.0
chao,p5.3.a.txt,66,3,2,0.0,0.0,0.0,0.0,0.004759599999943,0.004759599999943,0.0,100.0,0.0,0.0,66,3,2,0.0,0.0,0.0,0.0,0.0052940499999749,0.0052940499999749,0.0,100.0,0.0,0.0,0.0,0.0005344500000319004,0.0
chao,p5.3.b.txt,66,3,2,15.0,15.0,15.0,0.0,0.0259760499998265,0.0259760499998265,0.0,100.0,0.0,0.0,66,3,2,15.0,15.0,15.0,0.0,0.018136499999855,0.018136499999855,0.0,100.0,0.0,0.0,0.0,-0.0078395499999715,0.0
chao,p5.3.c.txt,66,3,2,20.0,20.0,20.0,0.0,0.0229857000003903,0.0229857000003903,0.0,100.0,0.0,0.0,66,3,2,20.0,20.0,20.0,0.0,0.0214631999997436,0.0214631999997436,0.0,100.0,0.0,0.0,0.0,-0.001522500000646701,0.0
chao,p5.3.d.txt,66,3,2,60.0,60.0,60.0,0.0,0.0283403499997803,0.0283403499997803,0.0,100.0,0.0,0.0,66,3,2,60.0,60.0,60.0,0.0,0.0247852499996952,0.0247852499996952,0.0,100.0,0.0,0.0,0.0,-0.0035551000000851006,0.0
chao,p5.3.e.txt,66,3,2,95.0,95.0,95.0,0.0,0.0357724499999676,0.0357724499999676,3.5,100.0,0.0,0.0,66,3,2,95.0,95.0,95.0,0.0,0.0308529499998257,0.0308529499998257,3.5,100.0,0.0,0.0,0.0,-0.004919500000141901,0.0
chao,p5.3.f.txt,66,3,2,110.0,110.0,110.0,0.0,0.0314143999999032,0.0314143999999032,0.0,100.0,0.0,0.0,66,3,2,110.0,110.0,110.0,0.0,0.0392015999996147,0.0392015999996147,0.0,100.0,0.0,0.0,0.0,0.007787199999711503,0.0
chao,p5.3.g.txt,66,3,2,185.0,185.0,185.0,0.0,0.0413954499999817,0.0413954499999817,3.5,100.0,0.0,0.0,66,3,2,185.0,185.0,185.0,0.0,0.0447957500000484,0.0447957500000484,2.5,100.0,0.0,0.0,0.0,0.0034003000000666986,0.0
chao,p5.3.h.txt,66,3,2,260.0,260.0,260.0,0.0,0.0513243999998849,0.0513243999998849,3.5,100.0,0.0,0.0,66,3,2,260.0,260.0,260.0,0.0,0.0522115499998108,0.0522115499998108,2.5,100.0,0.0,0.0,0.0,0.0008871499999259028,0.0
chao,p5.3.i.txt,66,3,2,335.0,335.0,335.0,0.0,0.0532809999995151,0.0532809999995151,4.5,100.0,0.0,0.0,66,3,2,335.0,335.0,310.0,35.35533905932738,0.0588815999999496,0.0588815999999496,0.5,50.0,7.462686567164178,14.925373134328357,-25.0,0.005600600000434504,7.462686567164178
chao,p5.3.j.txt,66,3,2,470.0,470.0,450.0,28.284271247461906,0.0625440999997408,0.0625440999997408,2.5,50.0,4.25531914893617,8.51063829787234,66,3,2,470.0,470.0,450.0,28.284271247461906,0.0613799999991897,0.0613799999991897,5.0,50.0,4.25531914893617,8.51063829787234,0.0,-0.0011641000005510951,0.0
chao,p5.3.k.txt,66,3,2,485.0,485.0,477.5,10.606601717798211,0.0764200500002516,0.0764200500002516,6.5,50.0,1.5463917525773196,3.0927835051546397,66,3,2,470.0,470.0,470.0,0.0,0.075094299999364,0.075094299999364,0.5,100.0,0.0,0.0,-7.5,-0.001325750000887596,-1.5463917525773196
chao,p5.3.l.txt,66,3,2,585.0,585.0,580.0,7.071067811865476,0.0771232500001133,0.0771232500001133,1.0,50.0,0.8547008547008548,1.7094017094017095,66,3,2,585.0,585.0,580.0,7.071067811865476,0.0867274000001998,0.0867274000001998,1.0,50.0,0.8547008547008548,1.7094017094017095,0.0,0.009604150000086492,0.0
chao,p5.3.m.txt,66,3,2,650.0,650.0,647.5,3.5355339059327378,0.093381099999533,0.093381099999533,7.0,50.0,0.3846153846153846,0.7692307692307693,66,3,2,650.0,650.0,647.5,3.5355339059327378,0.0981981499999165,0.0981981499999165,5.5,50.0,0.3846153846153846,0.7692307692307693,0.0,0.004817050000383502,0.0
chao,p5.3.n.txt,66,3,2,735.0,735.0,722.5,17.67766952966369,0.0955316000004131,0.0955316000004131,16.0,50.0,1.7006802721088436,3.4013605442176877,66,3,2,745.0,745.0,720.0,35.35533905932738,0.1401517000003878,0.1401517000003878,13.0,50.0,3.355704697986577,6.711409395973154,-2.5,0.0446200999999747,1.6550244258777331
chao,p5.3.o.txt,66,3,2,820.0,820.0,820.0,0.0,0.1141223999998146,0.1141223999998146,8.0,100.0,0.0,0.0,66,3,2,835.0,835.0,817.5,24.748737341529164,0.7005622500000754,0.7005622500000754,6.5,50.0,2.095808383233533,4.191616766467066,-2.5,0.5864398500002608,2.095808383233533
chao,p5.3.p.txt,66,3,2,990.0,990.0,965.0,35.35533905932738,0.1101386000000275,0.1101386000000275,11.5,50.0,2.525252525252525,5.05050505050505,66,3,2,990.0,990.0,990.0,0.0,0.103482299999996,0.103482299999996,9.5,100.0,0.0,0.0,25.0,-0.006656300000031493,-2.525252525252525
chao,p5.3.q.txt,66,3,2,1055.0,1055.0,1045.0,14.142135623730953,0.1255049000001236,0.1255049000001236,16.0,50.0,0.9478672985781992,1.895734597156398,66,3,2,1040.0,1040.0,1032.5,10.606601717798211,0.926916949999395,0.926916949999395,10.0,50.0,0.7211538461538461,1.4423076923076923,-12.5,0.8014120499992714,-0.22671345242435303
chao,p5.3.r.txt,66,3,2,1110.0,1110.0,1105.0,7.071067811865476,0.1333884499995292,0.1333884499995292,4.5,50.0,0.4504504504504504,0.9009009009009008,66,3,2,1110.0,1110.0,1100.0,14.142135623730953,0.1125233000002481,0.1125233000002481,2.5,50.0,0.9009009009009008,1.8018018018018016,-5.0,-0.020865149999281102,0.4504504504504504
chao,p5.3.s.txt,66,3,2,1155.0,1155.0,1132.5,31.81980515339464,0.1130627000002277,0.1130627000002277,3.5,50.0,1.948051948051948,3.896103896103896,66,3,2,1165.0,1165.0,1160.0,7.071067811865476,0.5712729500000933,0.5712729500000933,10.5,50.0,0.4291845493562232,0.8583690987124464,27.5,0.4582102499998656,-1.5188673986957248
chao,p5.3.t.txt,66,3,2,1255.0,1255.0,1245.0,14.142135623730953,0.1173489499997231,0.1173489499997231,17.5,50.0,0.796812749003984,1.593625498007968,66,3,2,1255.0,1255.0,1245.0,14.142135623730953,1.7848702999990564,1.7848702999990564,11.0,50.0,0.796812749003984,1.593625498007968,0.0,1.6675213499993333,0.0
chao,p5.3.u.txt,66,3,2,1335.0,1335.0,1320.0,21.213203435596427,0.1257654999999431,0.1257654999999431,6.0,50.0,1.1235955056179776,2.247191011235955,66,3,2,1345.0,1345.0,1340.0,7.071067811865476,0.1727400999989186,0.1727400999989186,12.5,50.0,0.3717472118959107,0.7434944237918215,20.0,0.04697459999897549,-0.751848293722067
chao,p5.3.v.txt,66,3,2,1390.0,1390.0,1387.5,3.5355339059327378,0.1332175999996252,0.1332175999996252,9.5,50.0,0.1798561151079137,0.3597122302158274,66,3,2,1405.0,1405.0,1395.0,14.142135623730953,0.2894741999998587,0.2894741999998587,7.0,50.0,0.7117437722419928,1.4234875444839856,7.5,0.15625660000023348,0.5318876571340792
chao,p5.3.w.txt,66,3,2,1440.0,1440.0,1405.0,49.49747468305833,0.1235644000003048,0.1235644000003048,17.5,50.0,2.430555555555556,4.861111111111112,66,3,2,1460.0,1460.0,1437.5,31.81980515339464,0.6986879500000214,0.6986879500000214,11.0,50.0,1.5410958904109588,3.0821917808219177,32.5,0.5751235499997166,-0.889459665144597
chao,p5.3.x.txt,66,3,2,1525.0,1525.0,1505.0,28.284271247461906,0.1599787499999365,0.1599787499999365,11.0,50.0,1.3114754098360657,2.622950819672131,66,3,2,1520.0,1520.0,1512.5,10.606601717798211,2.206618249999337,2.206618249999337,2.5,50.0,0.4934210526315789,0.986842105263158,7.5,2.0466394999994004,-0.8180543572044867
chao,p5.3.y.txt,66,3,2,1565.0,1565.0,1560.0,7.071067811865476,0.1255856000002495,0.1255856000002495,13.5,50.0,0.3194888178913738,0.6389776357827476,66,3,2,1570.0,1570.0,1550.0,28.284271247461906,2.290436950000185,2.290436950000185,14.5,50.0,1.2738853503184715,2.547770700636943,-10.0,2.1648513499999353,0.9543965324270978
chao,p5.3.z.txt,66,3,2,1610.0,1610.0,1597.5,17.67766952966369,0.1239439499995569,0.1239439499995569,5.0,50.0,0.7763975155279503,1.5527950310559009,66,3,2,1615.0,1615.0,1600.0,21.213203435596427,0.5720087999998213,0.5720087999998213,7.5,50.0,0.9287925696594428,1.8575851393188851,2.5,0.44806485000026447,0.15239505413149246
chao,p5.4.a.txt,66,4,2,0.0,0.0,0.0,0.0,0.0095935999997891,0.0095935999997891,0.0,100.0,0.0,0.0,66,4,2,0.0,0.0,0.0,0.0,0.0071644000008745,0.0071644000008745,0.0,100.0,0.0,0.0,0.0,-0.0024291999989146003,0.0
chao,p5.4.b.txt,66,4,2,0.0,0.0,0.0,0.0,0.0073258000002169,0.0073258000002169,0.0,100.0,0.0,0.0,66,4,2,0.0,0.0,0.0,0.0,0.0069172000003163,0.0069172000003163,0.0,100.0,0.0,0.0,0.0,-0.00040859999990059976,0.0
chao,p5.4.c.txt,66,4,2,20.0,20.0,20.0,0.0,0.024386599999616,0.024386599999616,0.0,100.0,0.0,0.0,66,4,2,20.0,20.0,20.0,0.0,0.027642250000099,0.027642250000099,0.0,100.0,0.0,0.0,0.0,0.0032556500004830013,0.0
chao,p5.4.d.txt,66,4,2,20.0,20.0,20.0,0.0,0.0302188499999829,0.0302188499999829,0.0,100.0,0.0,0.0,66,4,2,20.0,20.0,20.0,0.0,0.0267563000006703,0.0267563000006703,0.0,100.0,0.0,0.0,0.0,-0.0034625499993126,0.0
chao,p5.4.e.txt,66,4,2,20.0,20.0,20.0,0.0,0.0240754499996,0.0240754499996,0.0,100.0,0.0,0.0,66,4,2,20.0,20.0,20.0,0.0,0.0271574499993221,0.0271574499993221,0.0,100.0,0.0,0.0,0.0,0.003081999999722102,0.0
chao,p5.4.f.txt,66,4,2,80.0,80.0,80.0,0.0,0.0408804500002588,0.0408804500002588,0.0,100.0,0.0,0.0,66,4,2,80.0,80.0,80.0,0.0,0.0407354499993743,0.0407354499993743,0.0,100.0,0.0,0.0,0.0,-0.0001450000008845001,0.0
chao,p5.4.g.txt,66,4,2,140.0,140.0,140.0,0.0,0.0448654500000884,0.0448654500000884,0.0,100.0,0.0,0.0,66,4,2,140.0,140.0,140.0,0.0,0.0595632000004116,0.0595632000004116,0.0,100.0,0.0,0.0,0.0,0.014697750000323195,0.0
chao,p5.4.h.txt,66,4,2,140.0,140.0,140.0,0.0,0.0490117499998632,0.0490117499998632,0.0,100.0,0.0,0.0,66,4,2,140.0,140.0,140.0,0.0,0.0585833499999353,0.0585833499999353,0.0,100.0,0.0,0.0,0.0,0.009571600000072102,0.0
chao,p5.4.i.txt,66,4,2,240.0,240.0,240.0,0.0,0.063749099999768,0.063749099999768,10.0,100.0,0.0,0.0,66,4,2,240.0,240.0,240.0,0.0,0.0601135000006252,0.0601135000006252,1.0,100.0,0.0,0.0,0.0,-0.0036355999991427926,0.0
chao,p5.4.j.txt,66,4,2,340.0,340.0,340.0,0.0,0.0772476999995888,0.0772476999995888,2.0,100.0,0.0,0.0,66,4,2,340.0,340.0,340.0,0.0,0.0712673500001983,0.0712673500001983,18.5,100.0,0.0,0.0,0.0,-0.005980349999390497,0.0
chao,p5.4.k.txt,66,4,2,340.0,340.0,340.0,0.0,0.0720944500003497,0.0720944500003497,0.0,100.0,0.0,0.0,66,4,2,340.0,340.0,340.0,0.0,0.0911689999993541,0.0911689999993541,0.0,100.0,0.0,0.0,0.0,0.019074549999004403,0.0
chao,p5.4.l.txt,66,4,2,425.0,425.0,410.0,21.213203435596427,0.0785501500004102,0.0785501500004102,9.0,50.0,3.5294117647058822,7.0588235294117645,66,4,2,430.0,430.0,412.5,24.748737341529164,0.0785404000007474,0.0785404000007474,11.5,50.0,4.069767441860465,8.13953488372093,2.5,-9.749999662800324e-06,0.540355677154583
chao,p5.4.m.txt,66,4,2,550.0,550.0,515.0,49.49747468305833,0.0871032499999273,0.0871032499999273,6.0,50.0,6.363636363636363,12.727272727272728,66,4,2,555.0,555.0,522.5,45.96194077712559,0.0830841499991947,0.0830841499991947,20.0,50.0,5.855855855855856,11.711711711711713,7.5,-0.004019100000732606,-0.5077805077805069
chao,p5.4.n.txt,66,4,2,620.0,620.0,610.0,14.142135623730953,0.0944175999998151,0.0944175999998151,5.0,50.0,1.6129032258064515,3.225806451612903,66,4,2,620.0,620.0,620.0,0.0,0.0929126499995618,0.0929126499995618,3.0,100.0,0.0,0.0,10.0,-0.0015049500002533023,-1.6129032258064515
chao,p5.4.o.txt,66,4,2,655.0,655.0,647.5,10.606601717798211,0.131190549999701,0.131190549999701,8.5,50.0,1.1450381679389312,2.2900763358778624,66,4,2,670.0,670.0,670.0,0.0,0.1142366500007483,0.1142366500007483,1.5,100.0,0.0,0.0,22.5,-0.016953899998952707,-1.1450381679389312
chao,p5.4.p.txt,66,4,2,760.0,760.0,760.0,0.0,0.1197808999995686,0.1197808999995686,11.5,100.0,0.0,0.0,66,4,2,760.0,760.0,760.0,0.0,0.1040101500002492,0.1040101500002492,3.0,100.0,0.0,0.0,0.0,-0.015770749999319406,0.0
chao,p5.4.q.txt,66,4,2,860.0,860.0,845.0,21.213203435596427,0.1173817500002769,0.1173817500002769,16.5,50.0,1.744186046511628,3.488372093023256,66,4,2,845.0,845.0,825.0,28.284271247461906,0.1431323500000871,0.1431323500000871,9.5,50.0,2.366863905325444,4.733727810650888,-20.0,0.025750599999810192,0.622677858813816
chao,p5.4.r.txt,66,4,2,890.0,890.0,880.0,14.142135623730953,0.1138086500004647,0.1138086500004647,6.0,50.0,1.1235955056179776,2.247191011235955,66,4,2,905.0,905.0,892.5,17.67766952966369,0.1772784000004321,0.1772784000004321,9.0,50.0,1.3812154696132597,2.7624309392265194,12.5,0.0634697499999674,0.2576199639952821
chao,p5.4.s.txt,66,4,2,1005.0,1005.0,1002.5,3.5355339059327378,0.1320085500005916,0.1320085500005916,8.0,50.0,0.2487562189054726,0.4975124378109453,66,4,2,1000.0,1000.0,990.0,14.142135623730953,0.6289593000001332,0.6289593000001332,17.5,50.0,1.0,2.0,-12.5,0.4969507499995416,0.7512437810945274
chao,p5.4.t.txt,66,4,2,1095.0,1095.0,1067.5,38.89087296526012,0.1303044500004944,0.1303044500004944,3.0,50.0,2.5114155251141552,5.0228310502283104,66,4,2,1095.0,1095.0,1082.5,17.67766952966369,0.1898796999994374,0.1898796999994374,4.0,50.0,1.141552511415525,2.28310502283105,15.0,0.05957524999894301,-1.3698630136986303
chao,p5.4.u.txt,66,4,2,1175.0,1175.0,1170.0,7.071067811865476,0.1312282999997478,0.1312282999997478,9.0,50.0,0.425531914893617,0.851063829787234,66,4,2,1200.0,1200.0,1197.5,3.5355339059327378,0.8381741499997588,0.8381741499997588,20.0,50.0,0.2083333333333333,0.4166666666666667,27.5,0.706945850000011,-0.21719858156028374
chao,p5.4.v.txt,66,4,2,1285.0,1285.0,1257.5,38.89087296526012,0.1391381499997805,0.1391381499997805,10.5,50.0,2.140077821011673,4.280155642023346,66,4,2,1285.0,1285.0,1277.5,10.606601717798211,1.5544332500003293,1.5544332500003293,18.5,50.0,0.5836575875486382,1.1673151750972763,20.0,1.4152951000005487,-1.5564202334630348
chao,p5.4.w.txt,66,4,2,1375.0,1375.0,1372.5,3.5355339059327378,0.1369191999997383,0.1369191999997383,7.5,50.0,0.1818181818181818,0.3636363636363636,66,4,2,1365.0,1365.0,1355.0,14.142135623730953,0.2674292999990939,0.2674292999990939,3.0,50.0,0.7326007326007326,1.465201465201465,-17.5,0.13051009999935556,0.5507825507825508
chao,p5.4.x.txt,66,4,2,1390.0,1390.0,1385.0,7.071067811865476,0.1426076500001727,0.1426076500001727,12.5,50.0,0.3597122302158274,0.7194244604316548,66,4,2,1400.0,1400.0,1385.0,21.213203435596427,0.1906898000006549,0.1906898000006549,3.0,50.0,1.0714285714285714,2.142857142857143,0.0,0.048082150000482216,0.7117163412127441
chao,p5.4.y.txt,66,4,2,1485.0,1485.0,1475.0,14.142135623730953,0.1219680499998503,0.1219680499998503,8.0,50.0,0.6734006734006733,1.3468013468013469,66,4,2,1500.0,1500.0,1492.5,10.606601717798211,1.4920904499995231,1.4920904499995231,9.5,50.0,0.5,1.0,17.5,1.3701223999996728,-0.17340067340067333
chao,p5.4.z.txt,66,4,2,1535.0,1535.0,1510.0,35.35533905932738,0.2073520000003554,0.2073520000003554,9.5,50.0,1.6286644951140066,3.257328990228013,66,4,2,1560.0,1560.0,1535.0,35.35533905932738,1.4328279000001205,1.4328279000001205,6.5,50.0,1.6025641025641024,3.205128205128205,25.0,1.225475899999765,-0.02610039254990415
chao,p6.2.a.txt,64,2,2,0.0,0.0,0.0,0.0,0.0060081999999965,0.0060081999999965,0.0,100.0,0.0,0.0,64,2,2,0.0,0.0,0.0,0.0,0.0041197999998985,0.0041197999998985,0.0,100.0,0.0,0.0,0.0,-0.0018884000000979999,0.0
chao,p6.2.b.txt,64,2,2,0.0,0.0,0.0,0.0,0.0062265499996101,0.0062265499996101,0.0,100.0,0.0,0.0,64,2,2,0.0,0.0,0.0,0.0,0.0039957999997568,0.0039957999997568,0.0,100.0,0.0,0.0,0.0,-0.0022307499998532997,0.0
chao,p6.2.c.txt,64,2,2,0.0,0.0,0.0,0.0,0.0044900499997311,0.0044900499997311,0.0,100.0,0.0,0.0,64,2,2,0.0,0.0,0.0,0.0,0.0038512500004799,0.0038512500004799,0.0,100.0,0.0,0.0,0.0,-0.0006387999992512002,0.0
chao,p6.2.d.txt,64,2,2,192.0,192.0,192.0,0.0,0.0726663999998891,0.0726663999998891,1.5,100.0,0.0,0.0,64,2,2,192.0,192.0,192.0,0.0,0.0436650999999983,0.0436650999999983,1.0,100.0,0.0,0.0,0.0,-0.029001299999890796,0.0
chao,p6.2.e.txt,64,2,2,360.0,360.0,360.0,0.0,0.0860995999996703,0.0860995999996703,0.0,100.0,0.0,0.0,64,2,2,360.0,360.0,360.0,0.0,0.074018550000801,0.074018550000801,0.0,100.0,0.0,0.0,0.0,-0.012081049998869303,0.0
chao,p6.2.f.txt,64,2,2,540.0,540.0,516.0,33.94112549695428,0.1209979000000203,0.1209979000000203,3.0,50.0,4.444444444444445,8.88888888888889,64,2,2,588.0,588.0,564.0,33.94112549695428,0.0959547999991627,0.0959547999991627,16.5,50.0,4.081632653061225,8.16326530612245,48.0,-0.02504310000085759,-0.36281179138322006
chao,p6.2.g.txt,64,2,2,660.0,660.0,642.0,25.45584412271571,0.1376884500000414,0.1376884500000414,6.5,50.0,2.727272727272727,5.454545454545454,64,2,2,630.0,630.0,627.0,4.242640687119285,0.0780630500003098,0.0780630500003098,7.0,50.0,0.4761904761904762,0.9523809523809524,-15.0,-0.0596253999997316,-2.251082251082251
chao,p6.2.h.txt,64,2,2,780.0,780.0,756.0,33.94112549695428,0.0914044000001013,0.0914044000001013,13.0,50.0,3.076923076923077,6.153846153846154,64,2,2,774.0,774.0,756.0,25.45584412271571,0.0844127500004106,0.0844127500004106,18.0,50.0,2.3255813953488373,4.651162790697675,0.0,-0.006991649999690708,-0.7513416815742398
chao,p6.2.i.txt,64,2,2,888.0,888.0,888.0,0.0,0.1063948500004698,0.1063948500004698,9.0,100.0,0.0,0.0,64,2,2,888.0,888.0,885.0,4.242640687119285,0.0847110500008057,0.0847110500008057,10.5,50.0,0.3378378378378378,0.6756756756756757,-3.0,-0.021683799999664105,0.3378378378378378
chao,p6.2.j.txt,64,2,2,936.0,936.0,933.0,4.242640687119285,0.1183824499998991,0.1183824499998991,17.5,50.0,0.3205128205128205,0.641025641025641,64,2,2,936.0,936.0,930.0,8.48528137423857,0.0991934999992736,0.0991934999992736,17.0,50.0,0.641025641025641,1.282051282051282,-3.0,-0.019188950000625496,0.3205128205128205
chao,p6.2.k.txt,64,2,2,1032.0,1032.0,1032.0,0.0,0.1200645499998245,0.1200645499998245,11.5,100.0,0.0,0.0,64,2,2,1032.0,1032.0,1032.0,0.0,0.1206537999996726,0.1206537999996726,9.5,100.0,0.0,0.0,0.0,0.0005892499998481071,0.0
chao,p6.2.l.txt,64,2,2,1104.0,1104.0,1101.0,4.242640687119285,0.1125901999998859,0.1125901999998859,10.5,50.0,0.2717391304347826,0.5434782608695652,64,2,2,1110.0,1110.0,1110.0,0.0,0.1192886999997426,0.1192886999997426,13.0,100.0,0.0,0.0,9.0,0.006698499999856708,-0.2717391304347826
chao,p6.2.m.txt,64,2,2,1164.0,1164.0,1152.0,16.97056274847714,0.108187849999922,0.108187849999922,4.0,50.0,1.0309278350515465,2.061855670103093,64,2,2,1188.0,1188.0,1170.0,25.45584412271571,0.1083689499992033,0.1083689499992033,16.0,50.0,1.5151515151515151,3.0303030303030303,18.0,0.0001810999992813006,0.48422368009996863
chao,p6.2.n.txt,64,2,2,1242.0,1242.0,1239.0,4.242640687119285,0.1203342999997403,0.1203342999997403,12.5,50.0,0.2415458937198067,0.4830917874396135,64,2,2,1248.0,1248.0,1245.0,4.242640687119285,0.1322105999997802,0.1322105999997802,15.0,50.0,0.2403846153846154,0.4807692307692308,6.0,0.011876300000039891,-0.001161278335191307
chao,p6.3.a.txt,64,3,2,0.0,0.0,0.0,0.0,0.0046351999999387,0.0046351999999387,0.0,100.0,0.0,0.0,64,3,2,0.0,0.0,0.0,0.0,0.0060685499993269,0.0060685499993269,0.0,100.0,0.0,0.0,0.0,0.0014333499993882002,0.0
chao,p6.3.b.txt,64,3,2,0.0,0.0,0.0,0.0,0.0046213000000534,0.0046213000000534,0.0,100.0,0.0,0.0,64,3,2,0.0,0.0,0.0,0.0,0.0054336500006684,0.0054336500006684,0.0,100.0,0.0,0.0,0.0,0.0008123500006150001,0.0
chao,p6.3.c.txt,64,3,2,0.0,0.0,0.0,0.0,0.0045970999999553,0.0045970999999553,0.0,100.0,0.0,0.0,64,3,2,0.0,0.0,0.0,0.0,0.0056746000000202,0.0056746000000202,0.0,100.0,0.0,0.0,0.0,0.0010775000000648998,0.0
chao,p6.3.d.txt,64,3,2,0.0,0.0,0.0,0.0,0.0046593000001848,0.0046593000001848,0.0,100.0,0.0,0.0,64,3,2,0.0,0.0,0.0,0.0,0.0057555000003048,0.0057555000003048,0.0,100.0,0.0,0.0,0.0,0.0010962000001199998,0.0
chao,p6.3.e.txt,64,3,2,0.0,0.0,0.0,0.0,0.0047448999998778,0.0047448999998778,0.0,100.0,0.0,0.0,64,3,2,0.0,0.0,0.0,0.0,0.0057054500002777,0.0057054500002777,0.0,100.0,0.0,0.0,0.0,0.0009605500003998999,0.0
chao,p6.3.f.txt,64,3,2,0.0,0.0,0.0,0.0,0.0046518000003743,0.0046518000003743,0.0,100.0,0.0,0.0,64,3,2,0.0,0.0,0.0,0.0,0.005730200000471,0.005730200000471,0.0,100.0,0.0,0.0,0.0,0.0010784000000967006,0.0
chao,p6.3.g.txt,64,3,2,276.0,276.0,276.0,0.0,0.0556987999998455,0.0556987999998455,3.0,100.0,0.0,0.0,64,3,2,276.0,276.0,276.0,0.0,0.0649787499996819,0.0649787499996819,1.0,100.0,0.0,0.0,0.0,0.009279949999836397,0.0
chao,p6.3.h.txt,64,3,2,438.0,438.0,435.0,4.242640687119285,0.0707095500001742,0.0707095500001742,14.5,50.0,0.684931506849315,1.36986301369863,64,3,2,444.0,444.0,441.0,4.242640687119285,0.0791888999992806,0.0791888999992806,10.0,50.0,0.6756756756756757,1.351351351351351,6.0,0.008479349999106392,-0.009255831173639373
chao,p6.3.i.txt,64,3,2,612.0,612.0,606.0,8.48528137423857,0.0973248000000239,0.0973248000000239,15.5,50.0,0.9803921568627452,1.96078431372549,64,3,2,612.0,612.0,609.0,4.242640687119285,0.0968702999989545,0.0968702999989545,12.0,50.0,0.4901960784313725,0.9803921568627452,3.0,-0.000454500001069405,-0.4901960784313727
chao,p6.3.j.txt,64,3,2,828.0,828.0,792.0,50.91168824543142,0.1086535499998717,0.1086535499998717,8.5,50.0,4.3478260869565215,8.695652173913043,64,3,2,828.0,828.0,798.0,42.42640687119285,0.983851300000424,0.983851300000424,10.5,50.0,3.6231884057971016,7.246376811594203,6.0,0.8751977500005523,-0.72463768115942
chao,p6.3.k.txt,64,3,2,840.0,840.0,825.0,21.213203435596427,0.1168801999997413,0.1168801999997413,7.0,50.0,1.7857142857142856,3.571428571428571,64,3,2,888.0,888.0,888.0,0.0,0.1202671000000918,0.1202671000000918,8.0,100.0,0.0,0.0,63.0,0.0033869000003505095,-1.7857142857142856
chao,p6.3.l.txt,64,3,2,996.0,996.0,984.0,16.97056274847714,0.1090692499997203,0.1090692499997203,17.5,50.0,1.2048192771084338,2.409638554216868,64,3,2,990.0,990.0,990.0,0.0,0.1548673000006601,0.1548673000006601,9.5,100.0,0.0,0.0,6.0,0.0457980500009398,-1.2048192771084338
chao,p6.3.m.txt,64,3,2,1056.0,1056.0,1053.0,4.242640687119285,0.1172225999998772,0.1172225999998772,12.5,50.0,0.2840909090909091,0.5681818181818182,64,3,2,1068.0,1068.0,1041.0,38.18376618407357,0.385963200000333,0.385963200000333,18.0,50.0,2.528089887640449,5.056179775280898,-12.0,0.2687406000004558,2.24399897854954
chao,p6.3.n.txt,64,3,2,1134.0,1134.0,1131.0,4.242640687119285,0.1212019499998859,0.1212019499998859,10.0,50.0,0.2645502645502645,0.5291005291005291,64,3,2,1158.0,1158.0,1152.0,8.48528137423857,0.8155986499996288,0.8155986499996288,19.5,50.0,0.5181347150259068,1.0362694300518136,21.0,0.694396699999743,0.2535844504756423
chao,p6.4.a.txt,64,4,2,0.0,0.0,0.0,0.0,0.0054990999997244,0.0054990999997244,0.0,100.0,0.0,0.0,64,4,2,0.0,0.0,0.0,0.0,0.0070255000000543,0.0070255000000543,0.0,100.0,0.0,0.0,0.0,0.0015264000003299,0.0
chao,p6.4.b.txt,64,4,2,0.0,0.0,0.0,0.0,0.0092649000002893,0.0092649000002893,0.0,100.0,0.0,0.0,64,4,2,0.0,0.0,0.0,0.0,0.0064576000004308,0.0064576000004308,0.0,100.0,0.0,0.0,0.0,-0.002807299999858499,0.0
chao,p6.4.c.txt,64,4,2,0.0,0.0,0.0,0.0,0.0159589500003676,0.0159589500003676,0.0,100.0,0.0,0.0,64,4,2,0.0,0.0,0.0,0.0,0.006603100000575,0.006603100000575,0.0,100.0,0.0,0.0,0.0,-0.009355849999792602,0.0
chao,p6.4.d.txt,64,4,2,0.0,0.0,0.0,0.0,0.0114210500000808,0.0114210500000808,0.0,100.0,0.0,0.0,64,4,2,0.0,0.0,0.0,0.0,0.0064637499999662,0.0064637499999662,0.0,100.0,0.0,0.0,0.0,-0.004957300000114601,0.0
chao,p6.4.e.txt,64,4,2,0.0,0.0,0.0,0.0,0.0059182499999224,0.0059182499999224,0.0,100.0,0.0,0.0,64,4,2,0.0,0.0,0.0,0.0,0.0063548999996783,0.0063548999996783,0.0,100.0,0.0,0.0,0.0,0.00043664999975590035,0.0
chao,p6.4.f.txt,64,4,2,0.0,0.0,0.0,0.0,0.0057029499998861,0.0057029499998861,0.0,100.0,0.0,0.0,64,4,2,0.0,0.0,0.0,0.0,0.0064859499998419,0.0064859499998419,0.0,100.0,0.0,0.0,0.0,0.0007829999999558,0.0
chao,p6.4.g.txt,64,4,2,0.0,0.0,0.0,0.0,0.005755649999628,0.005755649999628,0.0,100.0,0.0,0.0,64,4,2,0.0,0.0,0.0,0.0,0.0065690999999787,0.0065690999999787,0.0,100.0,0.0,0.0,0.0,0.0008134500003506998,0.0
chao,p6.4.h.txt,64,4,2,0.0,0.0,0.0,0.0,0.0057151500000145,0.0057151500000145,0.0,100.0,0.0,0.0,64,4,2,0.0,0.0,0.0,0.0,0.0063765999993847,0.0063765999993847,0.0,100.0,0.0,0.0,0.0,0.0006614499993702,0.0
chao,p6.4.i.txt,64,4,2,0.0,0.0,0.0,0.0,0.0063416500001949,0.0063416500001949,0.0,100.0,0.0,0.0,64,4,2,0.0,0.0,0.0,0.0,0.0066639500000746,0.0066639500000746,0.0,100.0,0.0,0.0,0.0,0.0003222999998796997,0.0
chao,p6.4.j.txt,64,4,2,366.0,366.0,363.0,4.242640687119285,0.0710910499997226,0.0710910499997226,3.5,50.0,0.819672131147541,1.639344262295082,64,4,2,366.0,366.0,363.0,4.242640687119285,0.0790462000004481,0.0790462000004481,3.5,50.0,0.819672131147541,1.639344262295082,0.0,0.007955150000725497,0.0
chao,p6.4.k.txt,64,4,2,516.0,516.0,510.0,8.48528137423857,0.0859929499997633,0.0859929499997633,17.0,50.0,1.162790697674419,2.3255813953488373,64,4,2,522.0,522.0,519.0,4.242640687119285,0.103104699999676,0.103104699999676,14.5,50.0,0.5747126436781609,1.1494252873563218,9.0,0.017111749999912704,-0.588078053996258
chao,p6.4.l.txt,64,4,2,684.0,684.0,684.0,0.0,0.1177139500000521,0.1177139500000521,2.0,100.0,0.0,0.0,64,4,2,684.0,684.0,684.0,0.0,0.1221308499998485,0.1221308499998485,2.0,100.0,0.0,0.0,0.0,0.0044168999997964,0.0
chao,p6.4.m.txt,64,4,2,912.0,912.0,897.0,21.213203435596427,0.1364074500002061,0.1364074500002061,11.5,50.0,1.644736842105263,3.289473684210526,64,4,2,882.0,882.0,876.0,8.48528137423857,0.1243063000001711,0.1243063000001711,11.5,50.0,0.6802721088435374,1.3605442176870748,-21.0,-0.012101150000035005,-0.9644647332617257
chao,p6.4.n.txt,64,4,2,1068.0,1068.0,1032.0,50.91168824543142,0.1378018000000338,0.1378018000000338,13.5,50.0,3.3707865168539324,6.741573033707865,64,4,2,1068.0,1068.0,1044.0,33.94112549695428,0.2035807000011118,0.2035807000011118,4.0,50.0,2.247191011235955,4.49438202247191,12.0,0.065778900001078,-1.1235955056179772
chao,p7.2.a.txt,102,2,2,30.0,30.0,30.0,0.0,0.0248998000001847,0.0248998000001847,0.0,100.0,0.0,0.0,102,2,2,30.0,30.0,30.0,0.0,0.0181741000005786,0.0181741000005786,0.0,100.0,0.0,0.0,0.0,-0.0067256999996060975,0.0
chao,p7.2.b.txt,102,2,2,64.0,64.0,64.0,0.0,0.0294444000001021,0.0294444000001021,0.0,100.0,0.0,0.0,102,2,2,64.0,64.0,64.0,0.0,0.026559449999695,0.026559449999695,0.0,100.0,0.0,0.0,0.0,-0.002884950000407102,0.0
chao,p7.2.c.txt,102,2,2,101.0,101.0,101.0,0.0,0.0342188999998143,0.0342188999998143,3.5,100.0,0.0,0.0,102,2,2,101.0,101.0,101.0,0.0,0.0321413000001484,0.0321413000001484,3.5,100.0,0.0,0.0,0.0,-0.002077599999665898,0.0
chao,p7.2.d.txt,102,2,2,190.0,190.0,186.0,5.656854249492381,0.0577946499997779,0.0577946499997779,12.5,50.0,2.1052631578947367,4.2105263157894735,102,2,2,190.0,190.0,181.5,12.020815280171307,0.0439707499990618,0.0439707499990618,6.0,50.0,4.473684210526316,8.947368421052632,-4.5,-0.0138239000007161,2.368421052631579
chao,p7.2.e.txt,102,2,2,280.0,280.0,266.5,19.091883092036785,0.0744450499996673,0.0744450499996673,16.5,50.0,4.821428571428572,9.642857142857144,102,2,2,280.0,280.0,263.0,24.04163056034261,0.0636358500005371,0.0636358500005371,15.0,50.0,6.071428571428571,12.142857142857142,-3.5,-0.0108091999991302,1.2499999999999991
chao,p7.2.f.txt,102,2,2,379.0,379.0,378.0,1.4142135623730951,0.1031315000000177,0.1031315000000177,16.0,50.0,0.2638522427440633,0.5277044854881267,102,2,2,380.0,380.0,377.5,3.5355339059327378,0.0943600999999034,0.0943600999999034,5.0,50.0,0.6578947368421052,1.3157894736842104,-0.5,-0.008771400000114296,0.3940424940980419
chao,p7.2.g.txt,102,2,2,406.0,406.0,394.5,16.263455967290593,0.1060147999996843,0.1060147999996843,14.0,50.0,2.832512315270936,5.665024630541872,102,2,2,413.0,413.0,404.5,12.020815280171307,0.1082003999999869,0.1082003999999869,14.0,50.0,2.0581113801452786,4.116222760290557,10.0,0.002185600000302601,-0.7744009351256573
chao,p7.2.h.txt,102,2,2,449.0,449.0,439.0,14.142135623730953,0.1317168499999752,0.1317168499999752,14.0,50.0,2.2271714922049,4.4543429844098,102,2,2,441.0,441.0,431.5,13.435028842544405,0.1165833000004568,0.1165833000004568,14.5,50.0,2.1541950113378685,4.308390022675737,-7.5,-0.015133549999518409,-0.07297648086703168
chao,p7.2.i.txt,102,2,2,531.0,531.0,524.5,9.192388155425116,0.1638074000002234,0.1638074000002234,9.5,50.0,1.2241054613935969,2.4482109227871938,102,2,2,564.0,564.0,550.5,19.091883092036785,0.1475794500001939,0.1475794500001939,14.5,50.0,2.393617021276596,4.787234042553192,26.0,-0.016227950000029495,1.169511559882999
chao,p7.2.j.txt,102,2,2,629.0,629.0,604.5,34.64823227814083,0.1847495000006347,0.1847495000006347,14.0,50.0,3.8950715421303657,7.790143084260731,102,2,2,622.0,622.0,597.5,34.64823227814083,0.1604905000003782,0.1604905000003782,15.0,50.0,3.938906752411576,7.877813504823152,-7.0,-0.024259000000256492,0.04383521028121029
chao,p7.2.k.txt,102,2,2,682.0,682.0,663.5,26.16295090390226,0.2066171000001304,0.2066171000001304,12.0,50.0,2.7126099706744866,5.425219941348973,102,2,2,655.0,655.0,647.0,11.31370849898476,0.1700228999998216,0.1700228999998216,7.0,50.0,1.2213740458015268,2.442748091603053,-16.5,-0.0365942000003088,-1.4912359248729599
chao,p7.2.l.txt,102,2,2,747.0,747.0,728.0,26.87005768508881,0.2202083000001948,0.2202083000001948,16.0,50.0,2.5435073627844718,5.087014725568943,102,2,2,689.0,689.0,676.5,17.67766952966369,0.2031087499999557,0.2031087499999557,17.0,50.0,1.81422351233672,3.62844702467344,-51.5,-0.017099550000239105,-0.7292838504477517
chao,p7.2.m.txt,102,2,2,760.0,760.0,750.0,14.142135623730953,0.2255501999998159,0.2255501999998159,17.0,50.0,1.3157894736842104,2.631578947368421,102,2,2,760.0,760.0,743.0,24.04163056034261,0.2297490000000834,0.2297490000000834,15.0,50.0,2.236842105263158,4.473684210526316,-7.0,0.004198800000267483,0.9210526315789476
chao,p7.2.n.txt,102,2,2,828.0,828.0,818.5,13.435028842544405,0.2661756500001502,0.2661756500001502,15.5,50.0,1.147342995169082,2.294685990338164,102,2,2,813.0,813.0,794.5,26.16295090390226,0.2329863999993904,0.2329863999993904,9.0,50.0,2.2755227552275525,4.551045510455105,-24.0,-0.03318925000075981,1.1281797600584706
chao,p7.2.o.txt,102,2,2,908.0,908.0,901.0,9.899494936611664,0.32393914999966,0.32393914999966,20.0,50.0,0.7709251101321586,1.5418502202643172,102,2,2,902.0,902.0,899.0,4.242640687119285,0.2445710499987399,0.2445710499987399,11.5,50.0,0.3325942350332594,0.6651884700665188,-2.0,-0.0793681000009201,-0.4383308750988992
chao,p7.2.p.txt,102,2,2,942.0,942.0,936.0,8.48528137423857,0.2788777500004471,0.2788777500004471,18.0,50.0,0.6369426751592357,1.2738853503184715,102,2,2,958.0,958.0,931.0,38.18376618407357,0.270111949999773,0.270111949999773,18.0,50.0,2.8183716075156577,5.636743215031316,-5.0,-0.008765800000674118,2.1814289323564218
chao,p7.2.q.txt,102,2,2,1019.0,1019.0,1007.5,16.263455967290593,0.3146671499994227,0.3146671499994227,16.0,50.0,1.12855740922473,2.2571148184494603,102,2,2,1006.0,1006.0,983.0,32.526911934581186,0.2747042499995586,0.2747042499995586,8.0,50.0,2.286282306163022,4.572564612326044,-24.5,-0.03996289999986408,1.157724896938292
chao,p7.2.r.txt,102,2,2,1038.0,1038.0,1036.0,2.8284271247461903,0.3317125999997188,0.3317125999997188,17.5,50.0,0.1926782273603083,0.3853564547206166,102,2,2,1028.0,1028.0,1023.5,6.363961030678928,0.3044737999989593,0.3044737999989593,13.0,50.0,0.4377431906614786,0.8754863813229572,-12.5,-0.02723880000075951,0.2450649633011703
chao,p7.2.s.txt,102,2,2,1082.0,1082.0,1040.0,59.39696961966999,0.3343550999998115,0.3343550999998115,19.0,50.0,3.8817005545286505,7.763401109057301,102,2,2,1027.0,1027.0,1024.0,4.242640687119285,0.3129074500002389,0.3129074500002389,13.5,50.0,0.2921129503407984,0.5842259006815969,-16.0,-0.021447649999572604,-3.589587604187852
chao,p7.2.t.txt,102,2,2,1153.0,1153.0,1145.0,11.31370849898476,0.3587776999997913,0.3587776999997913,17.5,50.0,0.6938421509106678,1.3876843018213356,102,2,2,1154.0,1154.0,1143.5,14.849242404917495,0.3047237000000677,0.3047237000000677,15.0,50.0,0.9098786828422876,1.8197573656845756,-1.5,-0.0540539999997236,0.21603653193161976
chao,p7.3.a.txt,102,3,2,0.0,0.0,0.0,0.0,0.0082831500003521,0.0082831500003521,0.0,100.0,0.0,0.0,102,3,2,0.0,0.0,0.0,0.0,0.0096937500002241,0.0096937500002241,0.0,100.0,0.0,0.0,0.0,0.0014105999998719997,0.0
chao,p7.3.b.txt,102,3,2,46.0,46.0,46.0,0.0,0.0261074000000007,0.0261074000000007,0.0,100.0,0.0,0.0,102,3,2,46.0,46.0,46.0,0.0,0.0318912499997168,0.0318912499997168,0.0,100.0,0.0,0.0,0.0,0.005783849999716099,0.0
chao,p7.3.c.txt,102,3,2,79.0,79.0,79.0,0.0,0.0383697499996742,0.0383697499996742,0.0,100.0,0.0,0.0,102,3,2,79.0,79.0,79.0,0.0,0.0412397499985672,0.0412397499985672,0.0,100.0,0.0,0.0,0.0,0.002869999998893001,0.0
chao,p7.3.d.txt,102,3,2,117.0,117.0,117.0,0.0,0.0541746000003513,0.0541746000003513,0.0,100.0,0.0,0.0,102,3,2,117.0,117.0,117.0,0.0,0.0573392999995121,0.0573392999995121,0.0,100.0,0.0,0.0,0.0,0.0031646999991608027,0.0
chao,p7.3.e.txt,102,3,2,175.0,175.0,170.0,7.071067811865476,0.0581764500002464,0.0581764500002464,6.0,50.0,2.857142857142857,5.714285714285714,102,3,2,175.0,175.0,170.0,7.071067811865476,0.0556722999999692,0.0556722999999692,1.0,50.0,2.857142857142857,5.714285714285714,0.0,-0.0025041500002771985,0.0
chao,p7.3.f.txt,102,3,2,247.0,247.0,243.0,5.656854249492381,0.0750117499997031,0.0750117499997031,11.0,50.0,1.6194331983805668,3.238866396761133,102,3,2,247.0,247.0,240.0,9.899494936611664,0.0770031000010931,0.0770031000010931,17.0,50.0,2.834008097165992,5.668016194331984,-3.0,0.001991350001390002,1.2145748987854252
chao,p7.3.g.txt,102,3,2,344.0,344.0,344.0,0.0,0.1074056999996173,0.1074056999996173,7.5,100.0,0.0,0.0,102,3,2,344.0,344.0,339.5,6.363961030678928,0.110609100000147,0.110609100000147,3.0,50.0,1.308139534883721,2.616279069767442,-4.5,0.0032034000005296964,1.308139534883721
chao,p7.3.h.txt,102,3,2,416.0,416.0,392.0,33.94112549695428,0.126129199999923,0.126129199999923,13.0,50.0,5.769230769230769,11.538461538461538,102,3,2,416.0,416.0,396.5,27.577164466275352,0.1382815999995728,0.1382815999995728,19.5,50.0,4.6875,9.375,4.5,0.012152399999649788,-1.0817307692307692
chao,p7.3.i.txt,102,3,2,478.0,478.0,474.5,4.949747468305833,0.1600714999999581,0.1600714999999581,11.5,50.0,0.7322175732217573,1.4644351464435146,102,3,2,471.0,471.0,457.0,19.79898987322333,0.1717999499996949,0.1717999499996949,8.0,50.0,2.9723991507431,5.9447983014862,-17.5,0.011728449999736795,2.2401815775213425
chao,p7.3.j.txt,102,3,2,551.0,551.0,534.5,23.33452377915607,0.1904594999996334,0.1904594999996334,12.0,50.0,2.994555353901996,5.9891107078039925,102,3,2,539.0,539.0,533.5,7.7781745930520225,0.1784904999994978,0.1784904999994978,6.0,50.0,1.020408163265306,2.0408163265306123,-1.0,-0.011969000000135621,-1.9741471906366899
chao,p7.3.k.txt,102,3,2,582.0,582.0,561.5,28.991378028648448,0.2029702499999075,0.2029702499999075,16.5,50.0,3.52233676975945,7.0446735395189,102,3,2,553.0,553.0,552.5,0.7071067811865476,0.1968545999998241,0.1968545999998241,12.0,50.0,0.0904159132007233,0.1808318264014466,-9.0,-0.006115650000083406,-3.431920856558727
chao,p7.3.l.txt,102,3,2,669.0,669.0,659.5,13.435028842544405,0.2079126499997983,0.2079126499997983,10.5,50.0,1.4200298953662185,2.8400597907324365,102,3,2,655.0,655.0,627.5,38.89087296526012,0.1923759499995867,0.1923759499995867,15.5,50.0,4.198473282442748,8.396946564885496,-32.0,-0.015536700000211595,2.7784433870765297
chao,p7.3.m.txt,102,3,2,717.0,717.0,659.5,81.31727983645297,0.2175418000001627,0.2175418000001627,17.0,50.0,8.01952580195258,16.03905160390516,102,3,2,707.0,707.0,704.0,4.242640687119285,0.2282830000003741,0.2282830000003741,16.5,50.0,0.4243281471004243,0.8486562942008486,44.5,0.010741200000211393,-7.595197654852156
chao,p7.3.n.txt,102,3,2,780.0,780.0,777.0,4.242640687119285,0.2620194000000992,0.2620194000000992,17.5,50.0,0.3846153846153846,0.7692307692307693,102,3,2,801.0,801.0,795.5,7.7781745930520225,0.2522006000008332,0.2522006000008332,4.0,50.0,0.686641697877653,1.373283395755306,18.5,-0.009818799999265992,0.30202631326226836
chao,p7.3.o.txt,102,3,2,852.0,852.0,845.0,9.899494936611664,0.2863871999993534,0.2863871999993534,12.5,50.0,0.8215962441314555,1.643192488262911,102,3,2,852.0,852.0,826.5,36.06244584051392,0.2666137999995044,0.2666137999995044,12.0,50.0,2.992957746478873,5.985915492957746,-18.5,-0.019773399999849006,2.1713615023474175
chao,p7.3.p.txt,102,3,2,861.0,861.0,847.0,19.79898987322333,0.2969852000001083,0.2969852000001083,19.0,50.0,1.6260162601626018,3.252032520325204,102,3,2,876.0,876.0,852.5,33.23401871576773,0.2431175500005338,0.2431175500005338,16.5,50.0,2.682648401826484,5.365296803652968,5.5,-0.053867649999574496,1.0566321416638822
chao,p7.3.q.txt,102,3,2,965.0,965.0,919.5,64.34671708797582,0.3034842000001845,0.3034842000001845,14.5,50.0,4.715025906735751,9.430051813471502,102,3,2,965.0,965.0,903.0,87.68124086713189,0.2798451500002556,0.2798451500002556,14.5,50.0,6.424870466321243,12.849740932642488,-16.5,-0.023639049999928885,1.709844559585492
chao,p7.3.r.txt,102,3,2,1010.0,1010.0,998.5,16.263455967290593,0.3572228500001984,0.3572228500001984,15.0,50.0,1.1386138613861383,2.277227722772277,102,3,2,985.0,985.0,970.0,21.213203435596427,0.2748523500004012,0.2748523500004012,15.0,50.0,1.5228426395939088,3.045685279187817,-28.5,-0.08237049999979718,0.38422877820777046
chao,p7.3.s.txt,102,3,2,1040.0,1040.0,986.0,76.36753236814714,0.3129604499999914,0.3129604499999914,13.5,50.0,5.1923076923076925,10.384615384615383,102,3,2,1010.0,1010.0,998.0,16.97056274847714,0.3237908500004778,0.3237908500004778,11.0,50.0,1.188118811881188,2.376237623762376,12.0,0.010830400000486406,-4.004188880426504
chao,p7.3.t.txt,102,3,2,1084.0,1084.0,1061.0,32.526911934581186,0.341247100000146,0.341247100000146,19.0,50.0,2.121771217712177,4.243542435424354,102,3,2,1084.0,1084.0,1078.5,7.7781745930520225,0.2971087500000067,0.2971087500000067,14.0,50.0,0.507380073800738,1.014760147601476,17.5,-0.044138350000139326,-1.6143911439114391
chao,p7.4.a.txt,102,4,2,0.0,0.0,0.0,0.0,0.0095094999996945,0.0095094999996945,0.0,100.0,0.0,0.0,102,4,2,0.0,0.0,0.0,0.0,0.0106493500006763,0.0106493500006763,0.0,100.0,0.0,0.0,0.0,0.0011398500009817993,0.0
chao,p7.4.b.txt,102,4,2,30.0,30.0,30.0,0.0,0.028689149999991,0.028689149999991,0.0,100.0,0.0,0.0,102,4,2,30.0,30.0,30.0,0.0,0.0284373499998764,0.0284373499998764,0.0,100.0,0.0,0.0,0.0,-0.00025180000011459924,0.0
chao,p7.4.c.txt,102,4,2,46.0,46.0,46.0,0.0,0.0346811500003241,0.0346811500003241,0.0,100.0,0.0,0.0,102,4,2,46.0,46.0,46.0,0.0,0.0352786500006914,0.0352786500006914,0.0,100.0,0.0,0.0,0.0,0.0005975000003672973,0.0
chao,p7.4.d.txt,102,4,2,79.0,79.0,79.0,0.0,0.0456324000001586,0.0456324000001586,0.0,100.0,0.0,0.0,102,4,2,79.0,79.0,79.0,0.0,0.043692899999769,0.043692899999769,0.0,100.0,0.0,0.0,0.0,-0.0019395000003896018,0.0
chao,p7.4.e.txt,102,4,2,123.0,123.0,123.0,0.0,0.060852700000396,0.060852700000396,0.0,100.0,0.0,0.0,102,4,2,123.0,123.0,123.0,0.0,0.0603983499995592,0.0603983499995592,0.0,100.0,0.0,0.0,0.0,-0.0004543500008367951,0.0
chao,p7.4.f.txt,102,4,2,164.0,164.0,161.0,4.242640687119285,0.072836450000068,0.072836450000068,3.5,50.0,1.829268292682927,3.658536585365853,102,4,2,164.0,164.0,164.0,0.0,0.0767504000004919,0.0767504000004919,10.0,100.0,0.0,0.0,3.0,0.003913950000423896,-1.829268292682927
chao,p7.4.g.txt,102,4,2,206.0,206.0,204.0,2.8284271247461903,0.0849425500000506,0.0849425500000506,1.5,50.0,0.9708737864077668,1.9417475728155336,102,4,2,211.0,211.0,208.5,3.5355339059327378,0.089255700000649,0.089255700000649,0.5,50.0,1.1848341232227488,2.3696682464454977,4.5,0.004313150000598398,0.21396033681498206
chao,p7.4.h.txt,102,4,2,285.0,285.0,285.0,0.0,0.1055250999997952,0.1055250999997952,15.0,100.0,0.0,0.0,102,4,2,285.0,285.0,284.0,1.4142135623730951,0.1052152499996736,0.1052152499996736,3.0,50.0,0.3508771929824561,0.7017543859649122,-1.0,-0.0003098500001215976,0.3508771929824561
chao,p7.4.i.txt,102,4,2,351.0,351.0,350.0,1.4142135623730951,0.1365843499997936,0.1365843499997936,5.0,50.0,0.2849002849002849,0.5698005698005698,102,4,2,366.0,366.0,357.5,12.020815280171307,0.1267718999997669,0.1267718999997669,3.5,50.0,2.3224043715847,4.644808743169399,7.5,-0.009812450000026701,2.037504086684415
chao,p7.4.j.txt,102,4,2,450.0,450.0,449.0,1.4142135623730951,0.1612747999997736,0.1612747999997736,13.0,50.0,0.2222222222222222,0.4444444444444444,102,4,2,453.0,453.0,453.0,0.0,0.1607169999997495,0.1607169999997495,14.5,100.0,0.0,0.0,4.0,-0.000557800000024089,-0.2222222222222222
chao,p7.4.k.txt,102,4,2,508.0,508.0,505.5,3.5355339059327378,0.1877540499999668,0.1877540499999668,8.5,50.0,0.4921259842519685,0.984251968503937,102,4,2,501.0,501.0,491.0,14.142135623730953,0.18081119999988,0.18081119999988,18.0,50.0,1.996007984031936,3.992015968063872,-14.5,-0.00694285000008682,1.5038819997799675
chao,p7.4.l.txt,102,4,2,544.0,544.0,539.0,7.071067811865476,0.2036762500001714,0.2036762500001714,8.0,50.0,0.9191176470588236,1.8382352941176472,102,4,2,567.0,567.0,559.0,11.31370849898476,0.2258292500000607,0.2258292500000607,6.0,50.0,1.4109347442680775,2.821869488536155,20.0,0.022152999999889317,0.49181709720925393
chao,p7.4.m.txt,102,4,2,610.0,610.0,603.5,9.192388155425116,0.2175375499996334,0.2175375499996334,12.5,50.0,1.0655737704918031,2.1311475409836063,102,4,2,617.0,617.0,615.5,2.1213203435596424,0.2321604500002649,0.2321604500002649,19.0,50.0,0.2431118314424635,0.4862236628849271,12.0,0.014622900000631489,-0.8224619390493396
chao,p7.4.n.txt,102,4,2,686.0,686.0,676.5,13.435028842544405,0.2910432000003311,0.2910432000003311,8.5,50.0,1.3848396501457727,2.7696793002915454,102,4,2,681.0,681.0,671.5,13.435028842544405,0.2622950499990111,0.2622950499990111,9.0,50.0,1.3950073421439062,2.7900146842878124,-5.0,-0.028748150001320028,0.010167691998133499
chao,p7.4.o.txt,102,4,2,743.0,743.0,735.0,11.31370849898476,0.2951803000000836,0.2951803000000836,15.0,50.0,1.0767160161507403,2.1534320323014806,102,4,2,761.0,761.0,751.0,14.142135623730953,0.269069450000643,0.269069450000643,11.5,50.0,1.314060446780552,2.628120893561104,16.0,-0.026110849999440633,0.2373444306298116
chao,p7.4.p.txt,102,4,2,801.0,801.0,791.5,13.435028842544405,0.3036552999997184,0.3036552999997184,6.5,50.0,1.1860174781523096,2.3720349563046192,102,4,2,803.0,803.0,792.5,14.849242404917495,0.2727646500006813,0.2727646500006813,10.0,50.0,1.3075965130759652,2.6151930261519305,1.0,-0.030890649999037123,0.12157903492365563
chao,p7.4.q.txt,102,4,2,868.0,868.0,847.0,29.698484809834994,0.3186148499999035,0.3186148499999035,14.0,50.0,2.419354838709677,4.838709677419355,102,4,2,876.0,876.0,861.0,21.213203435596427,0.2959805000000415,0.2959805000000415,13.0,50.0,1.7123287671232876,3.4246575342465757,14.0,-0.022634349999862025,-0.7070260715863894
chao,p7.4.r.txt,102,4,2,898.0,898.0,883.0,21.213203435596427,0.3420878500000981,0.3420878500000981,16.0,50.0,1.670378619153675,3.34075723830735,102,4,2,911.0,911.0,885.5,36.06244584051392,0.3290251999997053,0.3290251999997053,9.0,50.0,2.7991218441273324,5.598243688254665,2.5,-0.013062650000392806,1.1287432249736575
chao,p7.4.s.txt,102,4,2,969.0,969.0,967.0,2.8284271247461903,0.3431346499996834,0.3431346499996834,18.5,50.0,0.2063983488132094,0.4127966976264189,102,4,2,969.0,969.0,943.5,36.06244584051392,0.3242876499989506,0.3242876499989506,15.0,50.0,2.631578947368421,5.263157894736842,-23.5,-0.018847000000732805,2.4251805985552113
chao,p7.4.t.txt,102,4,2,1012.0,1012.0,991.0,29.698484809834994,0.3467223499997089,0.3467223499997089,15.5,50.0,2.075098814229249,4.150197628458498,102,4,2,1010.0,1010.0,975.5,48.79036790187178,0.3587919999990845,0.3587919999990845,5.5,50.0,3.415841584158416,6.831683168316832,-15.5,0.012069649999375598,1.3407427699291672
dang,bier127_gen1_m2.txt,128,2,2,101.0,101.0,101.0,0.0,0.7207258499997806,0.7207258499997806,15.5,100.0,0.0,0.0,128,2,2,102.0,102.0,101.5,0.7071067811865476,0.7131199500008734,0.7131199500008734,10.5,50.0,0.4901960784313725,0.9803921568627452,0.5,-0.007605899998907262,0.4901960784313725
dang,bier127_gen1_m3.txt,128,3,2,97.0,97.0,95.5,2.1213203435596424,0.7131346500004838,0.7131346500004838,6.5,50.0,1.5463917525773196,3.0927835051546397,128,3,2,98.0,98.0,97.0,1.4142135623730951,0.8255190500003664,0.8255190500003664,20.0,50.0,1.020408163265306,2.0408163265306123,1.5,0.11238439999988259,-0.5259835893120137
dang,bier127_gen2_m2.txt,128,2,2,5354.0,5354.0,5247.0,151.32085117392117,0.7507897999998931,0.7507897999998931,18.0,50.0,1.998505790063504,3.997011580127008,128,2,2,5334.0,5334.0,5237.5,136.47160876900367,0.610378700000183,0.610378700000183,12.5,50.0,1.809148856392951,3.618297712785902,-9.5,-0.14041109999971013,-0.18935693367055295
dang,bier127_gen2_m3.txt,128,3,2,5013.0,5013.0,4982.5,43.1335136523794,0.7101470500001597,0.7101470500001597,13.5,50.0,0.6084181129064433,1.2168362258128866,128,3,2,5120.0,5120.0,5060.0,84.8528137423857,0.7711873500002184,0.7711873500002184,14.5,50.0,1.171875,2.34375,77.5,0.06104030000005878,0.5634568870935567
dang,bier127_gen2_m4.txt,128,4,2,4820.0,4820.0,4745.0,106.06601717798212,0.7623818000001847,0.7623818000001847,20.0,50.0,1.5560165975103737,3.112033195020747,128,4,2,4886.0,4886.0,4844.0,59.39696961966999,0.7550956000004589,0.7550956000004589,13.5,50.0,0.8595988538681949,1.7191977077363898,99.0,-0.007286199999725795,-0.6964177436421788
dang,bier127_gen3_m2.txt,128,2,2,2681.0,2681.0,2672.5,12.020815280171307,0.7369182500001443,0.7369182500001443,15.0,50.0,0.3170458784035807,0.6340917568071615,128,2,2,2700.0,2700.0,2651.0,69.29646455628166,0.6626341000001048,0.6626341000001048,18.0,50.0,1.8148148148148149,3.6296296296296298,-21.5,-0.07428415000003952,1.497768936411234
dang,bier127_gen3_m3.txt,128,3,2,2404.0,2404.0,2370.0,48.08326112068523,0.7419549500000358,0.7419549500000358,13.0,50.0,1.4143094841930115,2.828618968386023,128,3,2,2357.0,2357.0,2330.5,37.476659402887016,0.724347299999863,0.724347299999863,12.5,50.0,1.124310564276623,2.248621128553246,-39.5,-0.017607650000172725,-0.2899989199163886
dang,bier127_gen3_m4.txt,128,4,2,2109.0,2109.0,2093.5,21.920310216782973,0.7177317499995297,0.7177317499995297,18.0,50.0,0.734945471787577,1.469890943575154,128,4,2,2165.0,2165.0,2127.5,53.033008588991066,0.7924254500003372,0.7924254500003372,16.5,50.0,1.7321016166281753,3.4642032332563506,34.0,0.07469370000080744,0.9971561448405983
dang,cmt101c_m3.txt,102,3,2,1230.0,1230.0,1220.0,14.142135623730953,0.3689586999998937,0.3689586999998937,10.0,50.0,0.8130081300813009,1.6260162601626018,102,3,2,1240.0,1240.0,1230.0,14.142135623730953,0.3763138999993316,0.3763138999993316,5.5,50.0,0.8064516129032258,1.6129032258064515,10.0,0.0073551999994379,-0.00655651717807515
dang,cmt151b_m3.txt,152,3,2,1303.0,1303.0,1282.5,28.991378028648448,0.8088382499995532,0.8088382499995532,11.5,50.0,1.5732924021488872,3.1465848042977744,152,3,2,1277.0,1277.0,1264.0,18.384776310850235,0.6921435000003839,0.6921435000003839,20.0,50.0,1.0180109631949883,2.0360219263899766,-18.5,-0.11669474999916929,-0.5552814389538989
dang,cmt151c_m2.txt,152,2,2,1861.0,1861.0,1842.0,26.87005768508881,1.146470400000453,1.146470400000453,18.0,50.0,1.0209564750134337,2.041912950026868,152,2,2,1876.0,1876.0,1836.5,55.86143571373726,0.9243095499996344,0.9243095499996344,18.5,50.0,2.105543710021322,4.211087420042644,-5.5,-0.22216085000081864,1.0845872350078885
dang,cmt151c_m3.txt,152,3,2,1773.0,1773.0,1772.5,0.7071067811865476,1.1439577500000269,1.1439577500000269,19.5,50.0,0.0282007896221094,0.0564015792442188,152,3,2,1847.0,1847.0,1793.5,75.66042558696059,0.989484849999826,0.989484849999826,19.0,50.0,2.8965890633459663,5.793178126691933,21.0,-0.15447290000020086,2.868388273723857
dang,cmt151c_m4.txt,152,4,2,1680.0,1680.0,1675.5,6.363961030678928,1.1416642999997748,1.1416642999997748,16.5,50.0,0.2678571428571428,0.5357142857142857,152,4,2,1699.0,1699.0,1687.0,16.97056274847714,1.0444357000005766,1.0444357000005766,18.0,50.0,0.7062978222483813,1.412595644496763,11.5,-0.0972285999991982,0.43844067939123854
dang,cmt200b_m2.txt,201,2,2,2007.0,2007.0,1931.5,106.77312395916869,2.211283950000052,2.211283950000052,14.5,50.0,3.761833582461385,7.52366716492277,201,2,2,1957.0,1957.0,1907.5,70.0035713374682,1.2361239499996373,1.2361239499996373,11.0,50.0,2.5293817066939197,5.058763413387839,-24.0,-0.9751600000004146,-1.2324518757674654
dang,cmt200b_m3.txt,201,3,2,1872.0,1872.0,1870.0,2.8284271247461903,2.181853100000353,2.181853100000353,17.5,50.0,0.1068376068376068,0.2136752136752137,201,3,2,1828.0,1828.0,1824.5,4.949747468305833,1.3745305500005998,1.3745305500005998,19.0,50.0,0.1914660831509846,0.3829321663019693,-45.5,-0.8073225499997534,0.08462847631337779
dang,cmt200b_m4.txt,201,4,2,1692.0,1692.0,1625.0,94.75230867899737,1.7558116499999414,1.7558116499999414,20.0,50.0,3.959810874704492,7.919621749408984,201,4,2,1542.0,1542.0,1511.0,43.840620433565945,1.168880000000172,1.168880000000172,19.0,50.0,2.010376134889753,4.020752269779507,-114.0,-0.5869316499997694,-1.949434739814739
dang,cmt200c_m2.txt,201,2,2,2721.0,2721.0,2715.0,8.48528137423857,2.903016000000207,2.903016000000207,16.5,50.0,0.2205071664829107,0.4410143329658214,201,2,2,2713.0,2713.0,2704.0,12.727922061357855,1.9507578000002468,1.9507578000002468,15.0,50.0,0.3317360855141909,0.6634721710283819,-11.0,-0.9522581999999602,0.11122891903128024
dang,cmt200c_m3.txt,201,3,2,2547.0,2547.0,2507.0,56.56854249492381,2.4912429500000144,2.4912429500000144,19.5,50.0,1.5704750687082842,3.1409501374165685,201,3,2,2502.0,2502.0,2487.0,21.213203435596427,1.695441599999867,1.695441599999867,18.5,50.0,0.5995203836930456,1.1990407673860912,-20.0,-0.7958013500001473,-0.9709546850152386
dang,cmt200c_m4.txt,201,4,2,2342.0,2342.0,2321.5,28.991378028648448,2.485384449999856,2.485384449999856,13.0,50.0,0.8753202391118702,1.7506404782237404,201,4,2,2332.0,2332.0,2325.0,9.899494936611664,1.6614713500002836,1.6614713500002836,19.5,50.0,0.3001715265866209,0.6003430531732418,3.5,-0.8239130999995723,-0.5751487125252492
dang,eil101b_m3.txt,102,3,2,904.0,904.0,890.0,19.79898987322333,0.2972768999998152,0.2972768999998152,18.0,50.0,1.5486725663716814,3.0973451327433628,102,3,2,898.0,898.0,873.5,34.64823227814083,0.2995881000006193,0.2995881000006193,18.5,50.0,2.728285077951002,5.456570155902004,-16.5,0.0023112000008040923,1.1796125115793208
dang,eil101c_m2.txt,102,2,2,1291.0,1291.0,1277.0,19.79898987322333,0.3838550000000396,0.3838550000000396,13.5,50.0,1.0844306738962044,2.168861347792409,102,2,2,1288.0,1288.0,1278.0,14.142135623730953,0.3404083499999615,0.3404083499999615,14.5,50.0,0.7763975155279503,1.5527950310559009,1.0,-0.04344665000007808,-0.30803315836825407
dang,eil101c_m3.txt,102,3,2,1216.0,1216.0,1200.0,22.62741699796952,0.3890848999999434,0.3890848999999434,16.0,50.0,1.3157894736842104,2.631578947368421,102,3,2,1224.0,1224.0,1186.5,53.033008588991066,0.3138639500002682,0.3138639500002682,10.0,50.0,3.063725490196078,6.127450980392156,-13.5,-0.07522094999967521,1.7479360165118678
dang,gil262_gen1_m3.txt,263,3,2,84.0,84.0,81.5,3.5355339059327378,2.0953383999994912,2.0953383999994912,15.0,50.0,2.976190476190476,5.952380952380952,263,3,2,84.0,84.0,80.0,5.656854249492381,1.498303649999798,1.498303649999798,15.0,50.0,4.761904761904762,9.523809523809524,-1.5,-0.5970347499996933,1.785714285714286
dang,gil262_gen1_m4.txt,263,4,2,73.0,73.0,73.0,0.0,2.161990550000155,2.161990550000155,16.5,100.0,0.0,0.0,263,4,2,72.0,72.0,70.0,2.8284271247461903,1.439899200000582,1.439899200000582,10.0,50.0,2.7777777777777777,5.555555555555555,-3.0,-0.7220913499995731,2.7777777777777777
dang,gil262_gen2_m2.txt,263,2,2,6664.0,6664.0,6539.0,176.7766952966369,3.090543450000041,3.090543450000041,19.0,50.0,1.875750300120048,3.751500600240096,263,2,2,6630.0,6630.0,6447.0,258.8010819142764,2.210311749999164,2.210311749999164,17.5,50.0,2.760180995475113,5.520361990950226,-92.0,-0.880231700000877,0.8844306953550651
dang,gil262_gen2_m3.txt,263,3,2,5028.0,5028.0,4925.5,144.95689014324225,2.489908649999961,2.489908649999961,19.5,50.0,2.0385839299920447,4.0771678599840895,263,3,2,5057.0,5057.0,4912.0,205.0609665440988,1.6696298999995631,1.6696298999995631,17.0,50.0,2.867312635950168,5.734625271900336,-13.5,-0.8202787500003981,0.8287287059581234
dang,gil262_gen3_m2.txt,263,2,2,6188.0,6188.0,6041.0,207.88939366884497,4.289607200000319,4.289607200000319,19.0,50.0,2.3755656108597285,4.751131221719457,263,2,2,6076.0,6076.0,5944.0,186.67619023324852,2.868935249999595,2.868935249999595,12.5,50.0,2.1724818959842,4.3449637919684,-97.0,-1.4206719500007239,-0.20308371487552845
dang,gil262_gen3_m4.txt,263,4,2,2319.0,2319.0,2219.0,141.4213562373095,2.356498000000101,2.356498000000101,13.5,50.0,4.3122035360069,8.624407072013799,263,4,2,2203.0,2203.0,2161.0,59.39696961966999,1.662193849999312,1.662193849999312,10.5,50.0,1.9064911484339535,3.812982296867908,-58.0,-0.6943041500007889,-2.405712387572947
dang,gil262a_m2.txt,251,2,2,3884.0,3884.0,3813.5,99.7020561473032,1.712798350000412,1.712798350000412,16.5,50.0,1.8151390319258496,3.6302780638517,251,2,2,3735.0,3735.0,3630.5,147.78531726798843,1.099080599999979,1.099080599999979,17.0,50.0,2.797858099062918,5.595716198125836,-183.0,-0.6137177500004329,0.9827190671370685
dang,gil262a_m4.txt,251,4,2,2944.0,2944.0,2771.5,243.9518395093589,1.2920153000000028,1.2920153000000028,16.5,50.0,5.859375,11.71875,251,4,2,2848.0,2848.0,2802.5,64.34671708797582,0.746071149999807,0.746071149999807,16.0,50.0,1.5976123595505618,3.195224719101124,31.0,-0.5459441500001958,-4.261762640449438
dang,gil262b_m2.txt,251,2,2,7450.0,7450.0,7263.0,264.45793616376875,3.4279803499998707,3.4279803499998707,11.5,50.0,2.51006711409396,5.02013422818792,251,2,2,7424.0,7424.0,7112.0,441.2346314604056,2.4897510000000693,2.4897510000000693,18.0,50.0,4.202586206896552,8.405172413793103,-151.0,-0.9382293499998013,1.6925190928025917
dang,gil262b_m3.txt,251,3,2,6724.0,6724.0,6434.5,409.414826307011,2.999801699999807,2.999801699999807,17.0,50.0,4.305472932778108,8.610945865556216,251,3,2,6316.0,6316.0,6138.0,251.7300141024109,2.164548149999973,2.164548149999973,14.5,50.0,2.818239392020266,5.636478784040532,-296.5,-0.8352535499998344,-1.4872335407578419
dang,gil262b_m4.txt,251,4,2,5910.0,5910.0,5875.0,49.49747468305833,2.733186899999509,2.733186899999509,13.0,50.0,0.5922165820642978,1.1844331641285957,251,4,2,5859.0,5859.0,5561.0,421.4356415871823,2.071405550000236,2.071405550000236,15.0,50.0,5.086192182966377,10.172384365932754,-314.0,-0.6617813499992731,4.493975600902079
dang,gil262c_m2.txt,251,2,2,10238.0,10238.0,10202.5,50.20458146424488,4.973593649999657,4.973593649999657,19.5,50.0,0.3467474116038289,0.6934948232076578,251,2,2,10002.0,10002.0,9758.5,344.36100243784864,3.643940250000924,3.643940250000924,17.0,50.0,2.434513097380524,4.869026194761047,-444.0,-1.3296533999987328,2.087765685776695
dang,gil262c_m3.txt,251,3,2,9350.0,9350.0,9170.5,253.85133444597056,4.312193250000291,4.312193250000291,19.5,50.0,1.9197860962566848,3.839572192513369,251,3,2,8847.0,8847.0,8639.0,294.15642097360376,3.0360398499997245,3.0360398499997245,16.0,50.0,2.3510794619645075,4.702158923929015,-531.5,-1.2761534000005668,0.4312933657078226
dang,gil262c_m4.txt,251,4,2,8694.0,8694.0,8425.5,379.716341497176,4.330158499999925,4.330158499999925,20.0,50.0,3.088336783988958,6.176673567977916,251,4,2,8227.0,8227.0,8116.0,156.97770542341354,2.9209482500000377,2.9209482500000377,20.0,50.0,1.3492159961103682,2.6984319922207365,-309.5,-1.4092102499998873,-1.73912078787859
dang,gr229_gen1_m4.txt,230,4,2,216.0,216.0,215.5,0.7071067811865476,3.6464649999998073,3.6464649999998073,9.0,50.0,0.2314814814814814,0.4629629629629629,230,4,2,217.0,217.0,216.5,0.7071067811865476,3.228099150000162,3.228099150000162,17.5,50.0,0.2304147465437788,0.4608294930875576,1.0,-0.41836584999964543,-0.0010667349377025959
dang,gr229_gen2_m3.txt,230,3,2,11120.0,11120.0,11120.0,0.0,3.97721754999975,3.97721754999975,0.0,100.0,0.0,0.0,230,3,2,11120.0,11120.0,11120.0,0.0,4.85604979999971,4.85604979999971,0.0,100.0,0.0,0.0,0.0,0.8788322499999595,0.0
dang,gr229_gen2_m4.txt,230,4,2,11083.0,11083.0,11078.5,6.363961030678928,3.577942150000581,3.577942150000581,15.5,50.0,0.0406027248939817,0.0812054497879635,230,4,2,11083.0,11083.0,11070.0,18.384776310850235,2.593543949999912,2.593543949999912,12.0,50.0,0.1172967608048362,0.2345935216096724,-8.5,-0.984398200000669,0.0766940359108545
dang,gr229_gen3_m3.txt,230,3,2,7355.0,7355.0,7355.0,0.0,3.912834449999536,3.912834449999536,0.5,100.0,0.0,0.0,230,3,2,7355.0,7355.0,7355.0,0.0,4.199365449999277,4.199365449999277,0.5,100.0,0.0,0.0,0.0,0.2865309999997412,0.0
dang,gr229_gen3_m4.txt,230,4,2,7355.0,7355.0,7355.0,0.0,3.5903220499999406,3.5903220499999406,13.0,100.0,0.0,0.0,230,4,2,7355.0,7355.0,7355.0,0.0,3.0253678999997646,3.0253678999997646,12.0,100.0,0.0,0.0,0.0,-0.564954150000176,0.0
dang,kroA150_gen2_m2.txt,151,2,2,4187.0,4187.0,4136.5,71.4177848998413,0.7289879499999188,0.7289879499999188,7.0,50.0,1.2061141628851206,2.4122283257702413,151,2,2,4258.0,4258.0,4165.0,131.52186130069785,0.6433959500000128,0.6433959500000128,12.0,50.0,2.1841240018788164,4.368248003757633,28.5,-0.08559199999990597,0.9780098389936958
dang,kroA150_gen3_m3.txt,151,3,2,2203.0,2203.0,2188.0,21.213203435596427,0.5465077499998188,0.5465077499998188,18.5,50.0,0.6808896958692692,1.3617793917385383,151,3,2,2139.0,2139.0,2001.5,194.45436482630055,0.5329831999988528,0.5329831999988528,5.5,50.0,6.428237494156147,12.856474988312296,-186.5,-0.013524550000965974,5.747347798286878
dang,kroA200_gen1_m4.txt,201,4,2,76.0,76.0,74.5,2.1213203435596424,1.1129645500000152,1.1129645500000152,18.5,50.0,1.973684210526316,3.947368421052632,201,4,2,75.0,75.0,73.5,2.1213203435596424,0.8891410500009442,0.8891410500009442,8.5,50.0,2.0,4.0,-1.0,-0.22382349999907092,0.02631578947368407
dang,kroB200_gen1_m2.txt,201,2,2,99.0,99.0,96.0,4.242640687119285,1.5100188999995223,1.5100188999995223,9.0,50.0,3.0303030303030303,6.0606060606060606,201,2,2,100.0,100.0,97.5,3.5355339059327378,1.2584005999997316,1.2584005999997316,12.5,50.0,2.5,5.0,1.5,-0.2516182999997907,-0.5303030303030303
dang,kroB200_gen2_m2.txt,201,2,2,5607.0,5607.0,5394.0,301.22748878546923,1.564406599999984,1.564406599999984,17.5,50.0,3.798822899946496,7.597645799892991,201,2,2,5427.0,5427.0,5185.5,341.5325753131024,1.1708146000000852,1.1708146000000852,11.0,50.0,4.449972360420121,8.899944720840242,-208.5,-0.3935919999998989,0.6511494604736252
dang,kroB200_gen2_m4.txt,201,4,2,4141.0,4141.0,4110.0,43.840620433565945,1.2010198500001934,1.2010198500001934,16.5,50.0,0.7486114465105047,1.4972228930210094,201,4,2,4122.0,4122.0,4048.5,103.94469683442249,0.9290865499988286,0.9290865499988286,17.5,50.0,1.7831149927219796,3.566229985443959,-61.5,-0.27193330000136484,1.034503546211475
dang,kroB200_gen3_m2.txt,201,2,2,3189.0,3189.0,3059.5,183.1406563273158,1.8773481000002905,1.8773481000002905,18.5,50.0,4.060834117278144,8.121668234556287,201,2,2,3174.0,3174.0,3009.5,232.6381310103741,1.2102352000001702,1.2102352000001702,16.0,50.0,5.182734719596724,10.365469439193449,-50.0,-0.6671129000001204,1.12190060231858
dang,kroB200_gen3_m3.txt,201,3,2,2565.0,2565.0,2397.5,236.88077169749343,1.7719498999999814,1.7719498999999814,19.5,50.0,6.530214424951267,13.060428849902534,201,3,2,2364.0,2364.0,2340.5,33.23401871576773,1.1120600999993258,1.1120600999993258,17.0,50.0,0.994077834179357,1.988155668358714,-57.0,-0.6598898000006557,-5.5361365907719104
dang,lin318_gen1_m2.txt,319,2,2,159.0,159.0,155.5,4.949747468305833,6.414529550000225,6.414529550000225,15.5,50.0,2.20125786163522,4.40251572327044,319,2,2,155.0,155.0,149.5,7.7781745930520225,4.073422000000392,4.073422000000392,13.0,50.0,3.548387096774193,7.096774193548387,-6.0,-2.3411075499998333,1.347129235138973
dang,lin318_gen1_m3.txt,319,3,2,128.0,128.0,127.5,0.7071067811865476,5.083833650000088,5.083833650000088,16.0,50.0,0.390625,0.78125,319,3,2,132.0,132.0,126.5,7.7781745930520225,3.342276150000544,3.342276150000544,12.0,50.0,4.166666666666666,8.333333333333332,-1.0,-1.7415574999995438,3.776041666666666
dang,lin318_gen2_m2.txt,319,2,2,8191.0,8191.0,8153.5,53.033008588991066,6.472976750000271,6.472976750000271,15.5,50.0,0.4578195580515199,0.91563911610304,319,2,2,8059.0,8059.0,7922.0,193.747258045114,4.103811749999295,4.103811749999295,15.5,50.0,1.699962774537784,3.399925549075568,-231.5,-2.369165000000976,1.2421432164862642
dang,lin318_gen2_m3.txt,319,3,2,7102.0,7102.0,6846.0,362.0386719675124,5.302940199999284,5.302940199999284,16.5,50.0,3.604618417347226,7.209236834694452,319,3,2,6531.0,6531.0,6311.0,311.1269837220809,3.1721301500001573,3.1721301500001573,17.0,50.0,3.3685499923442044,6.737099984688409,-535.0,-2.130810049999127,-0.2360684250030216
dang,lin318_gen3_m2.txt,319,2,2,6471.0,6471.0,6370.5,142.12846301849606,6.91510819999985,6.91510819999985,13.5,50.0,1.5530829856281874,3.1061659712563747,319,2,2,6356.0,6356.0,6339.0,24.04163056034261,4.948586799999248,4.948586799999248,15.0,50.0,0.2674638137193203,0.5349276274386406,-31.5,-1.9665214000006017,-1.285619171908867
dang,lin318_gen3_m4.txt,319,4,2,3367.0,3367.0,3148.5,309.00566337852126,4.337969599999269,4.337969599999269,7.0,50.0,6.489456489456489,12.978912978912978,319,4,2,3406.0,3406.0,3243.0,230.5168106668145,3.131590700000743,3.131590700000743,15.5,50.0,4.785672342924252,9.571344685848503,94.5,-1.2063788999985263,-1.7037841465322376
dang,pr136_gen1_m2.txt,137,2,2,59.0,59.0,58.5,0.7071067811865476,0.4734281500004726,0.4734281500004726,6.0,50.0,0.847457627118644,1.694915254237288,137,2,2,59.0,59.0,58.0,1.4142135623730951,0.5162721500000771,0.5162721500000771,3.0,50.0,1.694915254237288,3.389830508474576,-0.5,0.042843999999604476,0.847457627118644
dang,pr136_gen2_m2.txt,137,2,2,3540.0,3540.0,3513.5,37.476659402887016,0.4933807000006709,0.4933807000006709,10.5,50.0,0.748587570621469,1.497175141242938,137,2,2,3555.0,3555.0,3528.0,38.18376618407357,0.4552571500007616,0.4552571500007616,6.5,50.0,0.7594936708860759,1.5189873417721518,14.5,-0.0381235499999093,0.010906100264606922
dang,pr264_gen1_m4.txt,265,4,2,99.0,99.0,92.0,9.899494936611664,2.553946099999848,2.553946099999848,7.5,50.0,7.07070707070707,14.14141414141414,265,4,2,99.0,99.0,94.5,6.363961030678928,2.175861200000327,2.175861200000327,16.5,50.0,4.545454545454546,9.090909090909092,2.5,-0.378084899999521,-2.525252525252524
dang,pr264_gen2_m2.txt,265,2,2,6486.0,6486.0,6455.0,43.840620433565945,3.364628850000372,3.364628850000372,18.5,50.0,0.4779525131051496,0.9559050262102992,265,2,2,6424.0,6424.0,6386.0,53.74011537017761,2.44404835000023,2.44404835000023,19.0,50.0,0.5915317559153176,1.1830635118306352,-69.0,-0.9205805000001419,0.11357924281016801
dang,pr264_gen2_m3.txt,265,3,2,6117.0,6117.0,5933.5,259.50818869546293,3.082645400000729,3.082645400000729,8.5,50.0,2.9998365211705083,5.9996730423410165,265,3,2,6091.0,6091.0,5941.0,212.1320343559643,2.4129014000000097,2.4129014000000097,12.0,50.0,2.462649811196848,4.925299622393696,7.5,-0.6697440000007191,-0.5371867099736605
dang,pr264_gen2_m4.txt,265,4,2,5068.0,5068.0,5014.0,76.36753236814714,2.873808649999773,2.873808649999773,16.0,50.0,1.0655090765588004,2.131018153117601,265,4,2,5088.0,5088.0,5055.5,45.96194077712559,2.232791000000361,2.232791000000361,14.5,50.0,0.6387578616352202,1.2775157232704404,41.5,-0.6410176499994122,-0.42675121492358026
dang,pr264_gen3_m3.txt,265,3,2,2430.0,2430.0,2430.0,0.0,3.563028100000338,3.563028100000338,1.5,100.0,0.0,0.0,265,3,2,2430.0,2430.0,2430.0,0.0,3.125916249999136,3.125916249999136,1.5,100.0,0.0,0.0,0.0,-0.4371118500012017,0.0
dang,pr299_gen1_m2.txt,300,2,2,129.0,129.0,126.0,4.242640687119285,3.8791456999997536,3.8791456999997536,13.5,50.0,2.3255813953488373,4.651162790697675,300,2,2,129.0,129.0,128.5,0.7071067811865476,3.2810507999993206,3.2810507999993206,12.0,50.0,0.3875968992248062,0.7751937984496124,2.5,-0.598094900000433,-1.9379844961240311
dang,pr299_gen1_m3.txt,300,3,2,103.0,103.0,102.5,0.7071067811865476,3.042479450000428,3.042479450000428,12.5,50.0,0.4854368932038834,0.9708737864077668,300,3,2,97.0,97.0,95.5,2.1213203435596424,2.1917860499997914,2.1917860499997914,13.0,50.0,1.5463917525773196,3.0927835051546397,-7.0,-0.8506934000006368,1.0609548593734361
dang,pr299_gen1_m4.txt,300,4,2,77.0,77.0,76.5,0.7071067811865476,2.2793865499988897,2.2793865499988897,10.0,50.0,0.6493506493506493,1.2987012987012987,300,4,2,78.0,78.0,77.5,0.7071067811865476,1.6614589999999223,1.6614589999999223,9.5,50.0,0.641025641025641,1.282051282051282,1.0,-0.6179275499989674,-0.008325008325008376
dang,pr299_gen2_m3.txt,300,3,2,5546.0,5546.0,5433.5,159.0990257669732,3.02073990000099,3.02073990000099,16.5,50.0,2.028489001081861,4.056978002163722,300,3,2,5494.0,5494.0,5270.0,316.7838379715733,2.3657695499996407,2.3657695499996407,13.0,50.0,4.07717510010921,8.15435020021842,-163.5,-0.6549703500013493,2.0486860990273494
dang,pr299_gen2_m4.txt,300,4,2,4129.0,4129.0,4058.5,99.7020561473032,2.266356750000341,2.266356750000341,12.5,50.0,1.707435214337612,3.4148704286752243,300,4,2,4123.0,4123.0,4058.0,91.92388155425118,1.645211749999362,1.645211749999362,19.5,50.0,1.5765219500363814,3.153043900072763,-0.5,-0.621145000000979,-0.13091326430123051
dang,pr299_gen3_m2.txt,300,2,2,4987.0,4987.0,4928.0,83.43860018001261,4.8898289000007935,4.8898289000007935,18.5,50.0,1.1830759975937435,2.3661519951874874,300,2,2,4937.0,4937.0,4927.0,14.142135623730953,3.321932800000468,3.321932800000468,15.5,50.0,0.2025521571804739,0.4051043143609479,-1.0,-1.5678961000003255,-0.9805238404132696
dang,pr299_gen3_m3.txt,300,3,2,3144.0,3144.0,3040.5,146.37110370561533,3.4748850000005405,3.4748850000005405,18.5,50.0,3.291984732824428,6.583969465648855,300,3,2,3123.0,3123.0,3036.0,123.03657992645928,2.499967300001117,2.499967300001117,15.5,50.0,2.785782901056676,5.571565802113352,-4.5,-0.9749176999994233,-0.5062018317677519
dang,pr299_gen3_m4.txt,300,4,2,2152.0,2152.0,2087.0,91.92388155425118,2.518992100000105,2.518992100000105,10.5,50.0,3.020446096654275,6.04089219330855,300,4,2,2145.0,2145.0,2061.0,118.79393923933998,1.812863500000276,1.812863500000276,18.0,50.0,3.916083916083916,7.832167832167832,-26.0,-0.706128599999829,0.8956378194296408
dang,rat195_gen2_m2.txt,196,2,2,4675.0,4675.0,4639.5,50.20458146424488,1.1710535000001985,1.1710535000001985,17.0,50.0,0.7593582887700534,1.5187165775401068,196,2,2,4629.0,4629.0,4495.0,189.50461735799476,0.8868944499999998,0.8868944499999998,14.0,50.0,2.894793691942104,5.789587383884208,-144.5,-0.2841590500001987,2.1354354031720506
dang,rat195_gen3_m3.txt,196,3,2,2450.0,2450.0,2405.0,63.63961030678928,1.2635740499999883,1.2635740499999883,15.5,50.0,1.8367346938775515,3.673469387755103,196,3,2,2414.0,2414.0,2373.5,57.27564927611035,0.9458831500005545,0.9458831500005545,14.0,50.0,1.6777133388566696,3.3554266777133392,-31.5,-0.3176908999994339,-0.15902135502088188
dang,rd400_gen1_m2.txt,401,2,2,206.0,206.0,205.5,0.7071067811865476,14.020843150000474,14.020843150000474,18.5,50.0,0.2427184466019417,0.4854368932038834,401,2,2,203.0,203.0,201.0,2.8284271247461903,9.88950714999919,9.88950714999919,17.0,50.0,0.9852216748768472,1.9704433497536944,-4.5,-4.1313360000012835,0.7425032282749056
dang,rd400_gen1_m3.txt,401,3,2,195.0,195.0,193.5,2.1213203435596424,13.657492700000148,13.657492700000148,19.0,50.0,0.7692307692307693,1.5384615384615383,401,3,2,193.0,193.0,192.5,0.7071067811865476,9.223174700000529,9.223174700000529,17.0,50.0,0.2590673575129534,0.5181347150259068,-1.0,-4.434317999999619,-0.5101634117178159
dang,rd400_gen1_m4.txt,401,4,2,192.0,192.0,186.0,8.48528137423857,11.871151850000388,11.871151850000388,20.0,50.0,3.125,6.25,401,4,2,185.0,185.0,182.0,4.242640687119285,8.581272100000206,8.581272100000206,20.0,50.0,1.6216216216216215,3.2432432432432434,-4.0,-3.289879750000182,-1.5033783783783785
dang,rd400_gen2_m2.txt,401,2,2,11835.0,11835.0,11203.0,893.7829714197961,12.85204474999955,12.85204474999955,17.0,50.0,5.340092944655683,10.680185889311366,401,2,2,11649.0,11649.0,11029.5,876.1053018901324,9.766198399999666,9.766198399999666,18.5,50.0,5.3180530517641,10.6361061035282,-173.5,-3.0858463499998834,-0.022039892891583257
dang,rd400_gen2_m3.txt,401,3,2,11073.0,11073.0,10741.0,469.51890270786754,12.855573849999928,12.855573849999928,19.0,50.0,2.9982841145127788,5.9965682290255575,401,3,2,10767.0,10767.0,10499.5,378.3021279348029,8.958097899999302,8.958097899999302,17.0,50.0,2.48444320609269,4.968886412185381,-241.5,-3.8974759500006257,-0.5138409084200886
dang,rd400_gen2_m4.txt,401,4,2,9886.0,9886.0,9857.5,40.30508652763321,11.446632000000136,11.446632000000136,20.0,50.0,0.2882864657090835,0.5765729314181671,401,4,2,9621.0,9621.0,9356.0,374.7665940288702,7.689114849999896,7.689114849999896,19.5,50.0,2.7543914354017254,5.508782870803451,-501.5,-3.75751715000024,2.466104969692642
dang,rd400_gen3_m2.txt,401,2,2,11044.0,11044.0,10507.5,758.7255762131655,14.789015300000756,14.789015300000756,19.5,50.0,4.857841361825425,9.71568272365085,401,2,2,10795.0,10795.0,10334.0,651.9524522539969,10.573644949999109,10.573644949999109,16.5,50.0,4.270495599814729,8.540991199629458,-173.5,-4.215370350001647,-0.5873457620106963
dang,rd400_gen3_m3.txt,401,3,2,10026.0,10026.0,9625.5,566.3925317304246,15.183910499999,15.183910499999,16.0,50.0,3.994614003590665,7.989228007181329,401,3,2,9981.0,9981.0,9644.5,475.88286373854646,10.337759949999963,10.337759949999963,18.5,50.0,3.371405670774472,6.742811341548944,19.0,-4.846150549999036,-0.6232083328161928
dang,rd400_gen3_m4.txt,401,4,2,8412.0,8412.0,8117.0,417.1930009000631,13.523956900000483,13.523956900000483,15.5,50.0,3.5068949120304325,7.013789824060865,401,4,2,8165.0,8165.0,8061.0,147.07821048680188,9.047810300000492,9.047810300000492,20.0,50.0,1.2737293325168402,2.5474586650336803,-56.0,-4.476146599999991,-2.2331655795135923
dang,ts225_gen2_m2.txt,226,2,2,5213.0,5213.0,5032.0,255.9726547895302,2.068473399999675,2.068473399999675,14.0,50.0,3.4720890082486093,6.944178016497219,226,2,2,5135.0,5135.0,5074.5,85.55992052357225,1.3242079999990892,1.3242079999990892,14.5,50.0,1.178188899707887,2.356377799415774,42.5,-0.7442654000005859,-2.293900108540722
vansteenwegen,bier127_gen1_m2.txt,128,2,2,101.0,101.0,101.0,0.0,1.1607844499994826,1.1607844499994826,15.5,100.0,0.0,0.0,128,2,2,102.0,102.0,101.5,0.7071067811865476,0.7140170000002399,0.7140170000002399,10.5,50.0,0.4901960784313725,0.9803921568627452,0.5,-0.44676744999924267,0.4901960784313725
vansteenwegen,bier127_gen1_m3.txt,128,3,2,97.0,97.0,95.5,2.1213203435596424,1.1123186499999065,1.1123186499999065,6.5,50.0,1.5463917525773196,3.0927835051546397,128,3,2,98.0,98.0,97.0,1.4142135623730951,0.8271629000000758,0.8271629000000758,20.0,50.0,1.020408163265306,2.0408163265306123,1.5,-0.28515574999983073,-0.5259835893120137
vansteenwegen,bier127_gen2_m2.txt,128,2,2,5354.0,5354.0,5247.0,151.32085117392117,0.9840198499996404,0.9840198499996404,18.0,50.0,1.998505790063504,3.997011580127008,128,2,2,5334.0,5334.0,5237.5,136.47160876900367,0.6192054499997539,0.6192054499997539,12.5,50.0,1.809148856392951,3.618297712785902,-9.5,-0.3648143999998865,-0.18935693367055295
vansteenwegen,bier127_gen2_m3.txt,128,3,2,5013.0,5013.0,4982.5,43.1335136523794,0.8960510000006252,0.8960510000006252,13.5,50.0,0.6084181129064433,1.2168362258128866,128,3,2,5120.0,5120.0,5060.0,84.8528137423857,0.7440407000003688,0.7440407000003688,14.5,50.0,1.171875,2.34375,77.5,-0.1520103000002564,0.5634568870935567
vansteenwegen,bier127_gen2_m4.txt,128,4,2,4820.0,4820.0,4745.0,106.06601717798212,0.8208068499998262,0.8208068499998262,20.0,50.0,1.5560165975103737,3.112033195020747,128,4,2,4886.0,4886.0,4844.0,59.39696961966999,0.7101947999999538,0.7101947999999538,13.5,50.0,0.8595988538681949,1.7191977077363898,99.0,-0.1106120499998724,-0.6964177436421788
vansteenwegen,bier127_gen3_m2.txt,128,2,2,2681.0,2681.0,2672.5,12.020815280171307,0.8600174999992305,0.8600174999992305,15.0,50.0,0.3170458784035807,0.6340917568071615,128,2,2,2700.0,2700.0,2651.0,69.29646455628166,0.6462972500003161,0.6462972500003161,18.0,50.0,1.8148148148148149,3.6296296296296298,-21.5,-0.21372024999891437,1.497768936411234
vansteenwegen,bier127_gen3_m3.txt,128,3,2,2404.0,2404.0,2370.0,48.08326112068523,0.8174252500002694,0.8174252500002694,13.0,50.0,1.4143094841930115,2.828618968386023,128,3,2,2357.0,2357.0,2330.5,37.476659402887016,0.6976559499998984,0.6976559499998984,12.5,50.0,1.124310564276623,2.248621128553246,-39.5,-0.119769300000371,-0.2899989199163886
vansteenwegen,bier127_gen3_m4.txt,128,4,2,2109.0,2109.0,2093.5,21.920310216782973,0.8611164500007362,0.8611164500007362,18.0,50.0,0.734945471787577,1.469890943575154,128,4,2,2165.0,2165.0,2127.5,53.033008588991066,0.7637497999985499,0.7637497999985499,16.5,50.0,1.7321016166281753,3.4642032332563506,34.0,-0.09736665000218636,0.9971561448405983
vansteenwegen,cmt101c_m3.txt,102,3,2,1230.0,1230.0,1220.0,14.142135623730953,0.3805579999998372,0.3805579999998372,10.0,50.0,0.8130081300813009,1.6260162601626018,102,3,2,1240.0,1240.0,1230.0,14.142135623730953,0.3482079000004887,0.3482079000004887,5.5,50.0,0.8064516129032258,1.6129032258064515,10.0,-0.032350099999348514,-0.00655651717807515
vansteenwegen,cmt151b_m3.txt,152,3,2,1303.0,1303.0,1282.5,28.991378028648448,0.9002164999992601,0.9002164999992601,11.5,50.0,1.5732924021488872,3.1465848042977744,152,3,2,1277.0,1277.0,1264.0,18.384776310850235,0.7019250499997725,0.7019250499997725,20.0,50.0,1.0180109631949883,2.0360219263899766,-18.5,-0.19829144999948767,-0.5552814389538989
vansteenwegen,cmt151c_m2.txt,152,2,2,1861.0,1861.0,1842.0,26.87005768508881,1.315593200000876,1.315593200000876,18.0,50.0,1.0209564750134337,2.041912950026868,152,2,2,1876.0,1876.0,1836.5,55.86143571373726,0.9905313999997816,0.9905313999997816,18.5,50.0,2.105543710021322,4.211087420042644,-5.5,-0.3250618000010945,1.0845872350078885
vansteenwegen,cmt151c_m3.txt,152,3,2,1773.0,1773.0,1772.5,0.7071067811865476,1.3138148999996702,1.3138148999996702,19.5,50.0,0.0282007896221094,0.0564015792442188,152,3,2,1847.0,1847.0,1793.5,75.66042558696059,0.939706149999438,0.939706149999438,19.0,50.0,2.8965890633459663,5.793178126691933,21.0,-0.37410875000023214,2.868388273723857
vansteenwegen,cmt151c_m4.txt,152,4,2,1680.0,1680.0,1675.5,6.363961030678928,1.2670072499995513,1.2670072499995513,16.5,50.0,0.2678571428571428,0.5357142857142857,152,4,2,1699.0,1699.0,1687.0,16.97056274847714,0.9707595499994568,0.9707595499994568,18.0,50.0,0.7062978222483813,1.412595644496763,11.5,-0.2962477000000945,0.43844067939123854
vansteenwegen,cmt200b_m2.txt,201,2,2,2007.0,2007.0,1931.5,106.77312395916869,1.9877082500006509,1.9877082500006509,14.5,50.0,3.761833582461385,7.52366716492277,201,2,2,1957.0,1957.0,1907.5,70.0035713374682,1.2433102499990127,1.2433102499990127,11.0,50.0,2.5293817066939197,5.058763413387839,-24.0,-0.7443980000016381,-1.2324518757674654
vansteenwegen,cmt200b_m3.txt,201,3,2,1872.0,1872.0,1870.0,2.8284271247461903,2.0575043499993626,2.0575043499993626,17.5,50.0,0.1068376068376068,0.2136752136752137,201,3,2,1828.0,1828.0,1824.5,4.949747468305833,1.3005051000000094,1.3005051000000094,19.0,50.0,0.1914660831509846,0.3829321663019693,-45.5,-0.7569992499993532,0.08462847631337779
vansteenwegen,cmt200b_m4.txt,201,4,2,1692.0,1692.0,1625.0,94.75230867899737,1.8301111499995384,1.8301111499995384,20.0,50.0,3.959810874704492,7.919621749408984,201,4,2,1542.0,1542.0,1511.0,43.840620433565945,1.1671375500000067,1.1671375500000067,19.0,50.0,2.010376134889753,4.020752269779507,-114.0,-0.6629735999995316,-1.949434739814739
vansteenwegen,cmt200c_m2.txt,201,2,2,2721.0,2721.0,2715.0,8.48528137423857,2.9076532999997653,2.9076532999997653,16.5,50.0,0.2205071664829107,0.4410143329658214,201,2,2,2713.0,2713.0,2704.0,12.727922061357855,1.7101128000003882,1.7101128000003882,15.0,50.0,0.3317360855141909,0.6634721710283819,-11.0,-1.197540499999377,0.11122891903128024
vansteenwegen,cmt200c_m3.txt,201,3,2,2547.0,2547.0,2507.0,56.56854249492381,2.657185899999604,2.657185899999604,19.5,50.0,1.5704750687082842,3.1409501374165685,201,3,2,2502.0,2502.0,2487.0,21.213203435596427,1.6489684500002113,1.6489684500002113,18.5,50.0,0.5995203836930456,1.1990407673860912,-20.0,-1.0082174499993926,-0.9709546850152386
vansteenwegen,cmt200c_m4.txt,201,4,2,2342.0,2342.0,2321.5,28.991378028648448,2.5775928499997462,2.5775928499997462,13.0,50.0,0.8753202391118702,1.7506404782237404,201,4,2,2332.0,2332.0,2325.0,9.899494936611664,1.7212533499996423,1.7212533499996423,19.5,50.0,0.3001715265866209,0.6003430531732418,3.5,-0.856339500000104,-0.5751487125252492
vansteenwegen,eil101b_m3.txt,102,3,2,904.0,904.0,890.0,19.79898987322333,0.3019371000000319,0.3019371000000319,18.0,50.0,1.5486725663716814,3.0973451327433628,102,3,2,898.0,898.0,873.5,34.64823227814083,0.2948846499994033,0.2948846499994033,18.5,50.0,2.728285077951002,5.456570155902004,-16.5,-0.007052450000628596,1.1796125115793208
vansteenwegen,eil101c_m2.txt,102,2,2,1291.0,1291.0,1277.0,19.79898987322333,0.4414077499995983,0.4414077499995983,13.5,50.0,1.0844306738962044,2.168861347792409,102,2,2,1288.0,1288.0,1278.0,14.142135623730953,0.3185383999998521,0.3185383999998521,14.5,50.0,0.7763975155279503,1.5527950310559009,1.0,-0.12286934999974619,-0.30803315836825407
vansteenwegen,eil101c_m3.txt,102,3,2,1216.0,1216.0,1200.0,22.62741699796952,0.4115012000002025,0.4115012000002025,16.0,50.0,1.3157894736842104,2.631578947368421,102,3,2,1224.0,1224.0,1186.5,53.033008588991066,0.3402434999998149,0.3402434999998149,10.0,50.0,3.063725490196078,6.127450980392156,-13.5,-0.07125770000038761,1.7479360165118678
vansteenwegen,gil262_gen1_m3.txt,263,3,2,84.0,84.0,81.5,3.5355339059327378,2.260373449999861,2.260373449999861,15.0,50.0,2.976190476190476,5.952380952380952,263,3,2,84.0,84.0,80.0,5.656854249492381,1.3948049999999057,1.3948049999999057,15.0,50.0,4.761904761904762,9.523809523809524,-1.5,-0.8655684499999552,1.785714285714286
vansteenwegen,gil262_gen1_m4.txt,263,4,2,73.0,73.0,73.0,0.0,1.9734998000003543,1.9734998000003543,16.5,100.0,0.0,0.0,263,4,2,72.0,72.0,70.0,2.8284271247461903,1.3837136499996632,1.3837136499996632,10.0,50.0,2.7777777777777777,5.555555555555555,-3.0,-0.5897861500006911,2.7777777777777777
vansteenwegen,gil262_gen2_m2.txt,263,2,2,6664.0,6664.0,6539.0,176.7766952966369,3.520502000000306,3.520502000000306,19.0,50.0,1.875750300120048,3.751500600240096,263,2,2,6630.0,6630.0,6447.0,258.8010819142764,2.277954050000517,2.277954050000517,17.5,50.0,2.760180995475113,5.520361990950226,-92.0,-1.2425479499997891,0.8844306953550651
vansteenwegen,gil262_gen2_m3.txt,263,3,2,5028.0,5028.0,4925.5,144.95689014324225,3.349637050000638,3.349637050000638,19.5,50.0,2.0385839299920447,4.0771678599840895,263,3,2,5057.0,5057.0,4912.0,205.0609665440988,1.6263323499997568,1.6263323499997568,17.0,50.0,2.867312635950168,5.734625271900336,-13.5,-1.723304700000881,0.8287287059581234
vansteenwegen,gil262_gen3_m2.txt,263,2,2,6188.0,6188.0,6041.0,207.88939366884497,5.849553949999972,5.849553949999972,19.0,50.0,2.3755656108597285,4.751131221719457,263,2,2,6076.0,6076.0,5944.0,186.67619023324852,2.647277750000285,2.647277750000285,12.5,50.0,2.1724818959842,4.3449637919684,-97.0,-3.2022761999996874,-0.20308371487552845
vansteenwegen,gil262_gen3_m4.txt,263,4,2,2319.0,2319.0,2219.0,141.4213562373095,2.19751554999948,2.19751554999948,13.5,50.0,4.3122035360069,8.624407072013799,263,4,2,2203.0,2203.0,2161.0,59.39696961966999,1.4356107499988866,1.4356107499988866,10.5,50.0,1.9064911484339535,3.812982296867908,-58.0,-0.7619048000005932,-2.405712387572947
vansteenwegen,gil262a_m2.txt,251,2,2,3884.0,3884.0,3813.5,99.7020561473032,1.875270550000096,1.875270550000096,16.5,50.0,1.8151390319258496,3.6302780638517,251,2,2,3735.0,3735.0,3630.5,147.78531726798843,1.0201164000000065,1.0201164000000065,17.0,50.0,2.797858099062918,5.595716198125836,-183.0,-0.8551541500000894,0.9827190671370685
vansteenwegen,gil262a_m4.txt,251,4,2,2944.0,2944.0,2771.5,243.9518395093589,1.2260013499999332,1.2260013499999332,16.5,50.0,5.859375,11.71875,251,4,2,2848.0,2848.0,2802.5,64.34671708797582,0.8169067500002711,0.8169067500002711,16.0,50.0,1.5976123595505618,3.195224719101124,31.0,-0.409094599999662,-4.261762640449438
vansteenwegen,gil262b_m2.txt,251,2,2,7450.0,7450.0,7263.0,264.45793616376875,3.692769200000839,3.692769200000839,11.5,50.0,2.51006711409396,5.02013422818792,251,2,2,7424.0,7424.0,7112.0,441.2346314604056,2.2589526500005377,2.2589526500005377,18.0,50.0,4.202586206896552,8.405172413793103,-151.0,-1.4338165500003015,1.6925190928025917
vansteenwegen,gil262b_m3.txt,251,3,2,6724.0,6724.0,6434.5,409.414826307011,3.421614799998679,3.421614799998679,17.0,50.0,4.305472932778108,8.610945865556216,251,3,2,6316.0,6316.0,6138.0,251.7300141024109,2.090526399999362,2.090526399999362,14.5,50.0,2.818239392020266,5.636478784040532,-296.5,-1.3310883999993166,-1.4872335407578419
vansteenwegen,gil262b_m4.txt,251,4,2,5910.0,5910.0,5875.0,49.49747468305833,3.1290671000006114,3.1290671000006114,13.0,50.0,0.5922165820642978,1.1844331641285957,251,4,2,5859.0,5859.0,5561.0,421.4356415871823,1.997545649999665,1.997545649999665,15.0,50.0,5.086192182966377,10.172384365932754,-314.0,-1.1315214500009463,4.493975600902079
vansteenwegen,gil262c_m2.txt,251,2,2,10238.0,10238.0,10202.5,50.20458146424488,5.334744800000408,5.334744800000408,19.5,50.0,0.3467474116038289,0.6934948232076578,251,2,2,10002.0,10002.0,9758.5,344.36100243784864,3.2979002000001856,3.2979002000001856,17.0,50.0,2.434513097380524,4.869026194761047,-444.0,-2.0368446000002223,2.087765685776695
vansteenwegen,gil262c_m3.txt,251,3,2,9350.0,9350.0,9170.5,253.85133444597056,4.906473549999646,4.906473549999646,19.5,50.0,1.9197860962566848,3.839572192513369,251,3,2,8847.0,8847.0,8639.0,294.15642097360376,3.024767350000729,3.024767350000729,16.0,50.0,2.3510794619645075,4.702158923929015,-531.5,-1.8817061999989169,0.4312933657078226
vansteenwegen,gil262c_m4.txt,251,4,2,8694.0,8694.0,8425.5,379.716341497176,4.703264849999869,4.703264849999869,20.0,50.0,3.088336783988958,6.176673567977916,251,4,2,8227.0,8227.0,8116.0,156.97770542341354,2.9059238500012725,2.9059238500012725,20.0,50.0,1.3492159961103682,2.6984319922207365,-309.5,-1.797340999998596,-1.73912078787859
vansteenwegen,gr229_gen1_m4.txt,230,4,2,216.0,216.0,215.5,0.7071067811865476,4.074863149999146,4.074863149999146,9.0,50.0,0.2314814814814814,0.4629629629629629,230,4,2,217.0,217.0,216.5,0.7071067811865476,3.0856135999993057,3.0856135999993057,17.5,50.0,0.2304147465437788,0.4608294930875576,1.0,-0.9892495499998404,-0.0010667349377025959
vansteenwegen,gr229_gen2_m3.txt,230,3,2,11120.0,11120.0,11120.0,0.0,4.2257517500002,4.2257517500002,0.0,100.0,0.0,0.0,230,3,2,11120.0,11120.0,11120.0,0.0,4.663576149999244,4.663576149999244,0.0,100.0,0.0,0.0,0.0,0.43782439999904366,0.0
vansteenwegen,gr229_gen2_m4.txt,230,4,2,11083.0,11083.0,11078.5,6.363961030678928,4.157291800001076,4.157291800001076,15.5,50.0,0.0406027248939817,0.0812054497879635,230,4,2,11083.0,11083.0,11070.0,18.384776310850235,2.4251127999996243,2.4251127999996243,12.0,50.0,0.1172967608048362,0.2345935216096724,-8.5,-1.7321790000014516,0.0766940359108545
vansteenwegen,gr229_gen3_m3.txt,230,3,2,7355.0,7355.0,7355.0,0.0,4.207630100000642,4.207630100000642,0.5,100.0,0.0,0.0,230,3,2,7355.0,7355.0,7355.0,0.0,4.284440000000359,4.284440000000359,0.5,100.0,0.0,0.0,0.0,0.07680989999971644,0.0
vansteenwegen,gr229_gen3_m4.txt,230,4,2,7355.0,7355.0,7355.0,0.0,3.957159599999613,3.957159599999613,13.0,100.0,0.0,0.0,230,4,2,7355.0,7355.0,7355.0,0.0,2.995969149999837,2.995969149999837,12.0,100.0,0.0,0.0,0.0,-0.9611904499997759,0.0
vansteenwegen,kroA150_gen2_m2.txt,151,2,2,4187.0,4187.0,4136.5,71.4177848998413,0.89307645000099,0.89307645000099,7.0,50.0,1.2061141628851206,2.4122283257702413,151,2,2,4258.0,4258.0,4165.0,131.52186130069785,0.6003400499994314,0.6003400499994314,12.0,50.0,2.1841240018788164,4.368248003757633,28.5,-0.29273640000155865,0.9780098389936958
vansteenwegen,kroA150_gen3_m3.txt,151,3,2,2203.0,2203.0,2188.0,21.213203435596427,0.6444854999999734,0.6444854999999734,18.5,50.0,0.6808896958692692,1.3617793917385383,151,3,2,2139.0,2139.0,2001.5,194.45436482630055,0.5153823999999076,0.5153823999999076,5.5,50.0,6.428237494156147,12.856474988312296,-186.5,-0.12910310000006575,5.747347798286878
vansteenwegen,kroA200_gen1_m4.txt,201,4,2,76.0,76.0,74.5,2.1213203435596424,1.6508899499995096,1.6508899499995096,18.5,50.0,1.973684210526316,3.947368421052632,201,4,2,75.0,75.0,73.5,2.1213203435596424,0.8975139000003765,0.8975139000003765,8.5,50.0,2.0,4.0,-1.0,-0.7533760499991331,0.02631578947368407
vansteenwegen,kroB200_gen1_m2.txt,201,2,2,99.0,99.0,96.0,4.242640687119285,1.7858077500004583,1.7858077500004583,9.0,50.0,3.0303030303030303,6.0606060606060606,201,2,2,100.0,100.0,97.5,3.5355339059327378,1.228780899999947,1.228780899999947,12.5,50.0,2.5,5.0,1.5,-0.5570268500005113,-0.5303030303030303
vansteenwegen,kroB200_gen2_m2.txt,201,2,2,5607.0,5607.0,5394.0,301.22748878546923,1.808869649999906,1.808869649999906,17.5,50.0,3.798822899946496,7.597645799892991,201,2,2,5427.0,5427.0,5185.5,341.5325753131024,1.2118107500000406,1.2118107500000406,11.0,50.0,4.449972360420121,8.899944720840242,-208.5,-0.5970588999998654,0.6511494604736252
vansteenwegen,kroB200_gen2_m4.txt,201,4,2,4141.0,4141.0,4110.0,43.840620433565945,1.351736150000761,1.351736150000761,16.5,50.0,0.7486114465105047,1.4972228930210094,201,4,2,4122.0,4122.0,4048.5,103.94469683442249,0.9545381000007184,0.9545381000007184,17.5,50.0,1.7831149927219796,3.566229985443959,-61.5,-0.3971980500000426,1.034503546211475
vansteenwegen,kroB200_gen3_m2.txt,201,2,2,3189.0,3189.0,3059.5,183.1406563273158,1.8276166499999815,1.8276166499999815,18.5,50.0,4.060834117278144,8.121668234556287,201,2,2,3174.0,3174.0,3009.5,232.6381310103741,1.269838150000396,1.269838150000396,16.0,50.0,5.182734719596724,10.365469439193449,-50.0,-0.5577784999995856,1.12190060231858
vansteenwegen,kroB200_gen3_m3.txt,201,3,2,2565.0,2565.0,2397.5,236.88077169749343,1.696057899999687,1.696057899999687,19.5,50.0,6.530214424951267,13.060428849902534,201,3,2,2364.0,2364.0,2340.5,33.23401871576773,1.1530076999997618,1.1530076999997618,17.0,50.0,0.994077834179357,1.988155668358714,-57.0,-0.5430501999999251,-5.5361365907719104
vansteenwegen,pr136_gen1_m2.txt,137,2,2,59.0,59.0,58.0,1.4142135623730951,0.5056769000002532,0.5056769000002532,8.0,50.0,1.694915254237288,3.389830508474576,137,2,2,62.0,62.0,61.0,1.4142135623730951,0.4274396999999226,0.4274396999999226,7.5,50.0,1.6129032258064515,3.225806451612903,3.0,-0.07823720000033063,-0.08201202843083655
vansteenwegen,pr136_gen2_m2.txt,137,2,2,3512.0,3512.0,3423.5,125.15790027001891,0.5771879000003537,0.5771879000003537,16.5,50.0,2.51993166287016,5.039863325740319,137,2,2,3517.0,3517.0,3411.5,149.19953083036154,0.4338264500001969,0.4338264500001969,15.0,50.0,2.9997156667614444,5.999431333522889,-12.0,-0.14336145000015682,0.4797840038912846
vansteenwegen,pr264_gen1_m4.txt,265,4,2,99.0,99.0,99.0,0.0,2.9886937000001126,2.9886937000001126,10.0,100.0,0.0,0.0,265,4,2,99.0,99.0,97.5,2.1213203435596424,2.269975799999884,2.269975799999884,5.5,50.0,1.5151515151515151,3.0303030303030303,-1.5,-0.7187179000002284,1.5151515151515151
vansteenwegen,pr264_gen2_m2.txt,265,2,2,6516.0,6516.0,6484.5,44.54772721475249,3.823771850000412,3.823771850000412,14.0,50.0,0.4834254143646408,0.9668508287292816,265,2,2,6516.0,6516.0,6473.5,60.10407640085654,2.6872649499991894,2.6872649499991894,5.5,50.0,0.6522406384284837,1.3044812768569674,-11.0,-1.1365069000012227,0.16881522406384286
vansteenwegen,pr264_gen2_m3.txt,265,3,2,6293.0,6293.0,6128.0,233.3452377915607,3.5377265000006446,3.5377265000006446,18.0,50.0,2.6219609089464484,5.243921817892897,265,3,2,6107.0,6107.0,5912.0,275.77164466275354,2.604440200000681,2.604440200000681,8.5,50.0,3.193057147535615,6.38611429507123,-216.0,-0.9332862999999634,0.5710962385891665
vansteenwegen,pr264_gen2_m4.txt,265,4,2,5321.0,5321.0,5224.5,136.47160876900367,3.004053250000652,3.004053250000652,18.0,50.0,1.8135688780304453,3.6271377560608906,265,4,2,5217.0,5217.0,5120.0,137.17871555019022,2.222431700000016,2.222431700000016,14.0,50.0,1.859306114625264,3.7186122292505273,-104.5,-0.781621550000636,0.045737236594818764
vansteenwegen,pr264_gen3_m3.txt,265,3,2,2430.0,2430.0,2414.5,21.920310216782973,4.136467399999674,4.136467399999674,3.0,50.0,0.6378600823045267,1.2757201646090537,265,3,2,2618.0,2618.0,2524.0,132.93607486307093,3.112338050000289,3.112338050000289,14.0,50.0,3.590527119938885,7.18105423987777,109.5,-1.0241293499993849,2.9526670376343582
vansteenwegen,pr299_gen1_m2.txt,300,2,2,131.0,131.0,130.0,1.4142135623730951,5.03099359999942,5.03099359999942,16.5,50.0,0.7633587786259541,1.5267175572519085,300,2,2,129.0,129.0,124.5,6.363961030678928,2.8883199000001696,2.8883199000001696,16.5,50.0,3.488372093023256,6.976744186046512,-5.5,-2.142673699999251,2.7250133143973017
vansteenwegen,pr299_gen1_m3.txt,300,3,2,105.0,105.0,100.0,7.071067811865476,3.5337123000008432,3.5337123000008432,13.0,50.0,4.761904761904762,9.523809523809524,300,3,2,105.0,105.0,98.0,9.899494936611664,2.2598219999999856,2.2598219999999856,10.5,50.0,6.666666666666667,13.333333333333334,-2.0,-1.2738903000008577,1.904761904761905
vansteenwegen,pr299_gen1_m4.txt,300,4,2,81.0,81.0,78.0,4.242640687119285,2.993217499999446,2.993217499999446,4.5,50.0,3.7037037037037033,7.4074074074074066,300,4,2,81.0,81.0,78.5,3.5355339059327378,1.8243935499995128,1.8243935499995128,12.0,50.0,3.08641975308642,6.172839506172839,0.5,-1.168823949999933,-0.6172839506172831
vansteenwegen,pr299_gen2_m3.txt,300,3,2,5415.0,5415.0,5261.0,217.78888860545663,3.65210339999976,3.65210339999976,18.5,50.0,2.8439519852262234,5.687903970452447,300,3,2,5347.0,5347.0,5258.5,125.15790027001891,2.29873305000001,2.29873305000001,18.0,50.0,1.6551337198429026,3.310267439685805,-2.5,-1.35337034999975,-1.1888182653833208
vansteenwegen,pr299_gen2_m4.txt,300,4,2,4313.0,4313.0,4174.5,195.86857838867363,2.8433184499999697,2.8433184499999697,10.0,50.0,3.211221887317413,6.422443774634826,300,4,2,4314.0,4314.0,4172.0,200.8183258569795,1.7175576500003444,1.7175576500003444,11.5,50.0,3.291608715808994,6.583217431617988,-2.5,-1.1257607999996253,0.08038682849158096
vansteenwegen,pr299_gen3_m2.txt,300,2,2,4594.0,4594.0,4562.5,44.54772721475249,5.40877564999937,5.40877564999937,19.0,50.0,0.6856769699608184,1.3713539399216368,300,2,2,4630.0,4630.0,4430.0,282.842712474619,3.3012276999998,3.3012276999998,17.5,50.0,4.319654427645788,8.639308855291576,-132.5,-2.1075479499995704,3.6339774576849697
vansteenwegen,pr299_gen3_m3.txt,300,3,2,3237.0,3237.0,3149.0,124.45079348883236,3.978851849999955,3.978851849999955,19.5,50.0,2.718566573988261,5.437133147976522,300,3,2,2975.0,2975.0,2886.5,125.15790027001891,2.195902299999944,2.195902299999944,18.5,50.0,2.974789915966386,5.949579831932773,-262.5,-1.7829495500000112,0.25622334197812524
vansteenwegen,pr299_gen3_m4.txt,300,4,2,2091.0,2091.0,1924.0,236.17366491630688,2.8120654000003924,2.8120654000003924,13.0,50.0,7.986609277857484,15.973218555714968,300,4,2,2076.0,2076.0,1979.0,137.17871555019022,1.8011262999989412,1.8011262999989412,20.0,50.0,4.672447013487476,9.344894026974952,55.0,-1.0109391000014512,-3.314162264370008
vansteenwegen,rat195_gen2_m2.txt,196,2,2,4798.0,4798.0,4707.5,127.9863273947651,1.5187696999992113,1.5187696999992113,14.0,50.0,1.8862025844101709,3.7724051688203417,196,2,2,4633.0,4633.0,4610.5,31.81980515339464,0.8829581500003769,0.8829581500003769,16.5,50.0,0.4856464493848478,0.9712928987696956,-97.0,-0.6358115499988344,-1.400556135025323
vansteenwegen,rat195_gen3_m3.txt,196,3,2,2352.0,2352.0,2237.5,161.92745289171938,1.3821348999999827,1.3821348999999827,17.0,50.0,4.868197278911564,9.736394557823129,196,3,2,2442.0,2442.0,2290.0,214.96046148071045,0.8829273499995907,0.8829273499995907,19.5,50.0,6.224406224406224,12.448812448812449,52.5,-0.4992075500003921,1.35620894549466
vansteenwegen,ts225_gen2_m2.txt,226,2,2,5644.0,5644.0,5397.0,349.31074990615446,2.2316790000004403,2.2316790000004403,16.5,50.0,4.376328844790929,8.752657689581858,226,2,2,5617.0,5617.0,5490.0,179.60512242138307,1.4795736999994915,1.4795736999994915,13.5,50.0,2.2609934128538365,4.521986825707673,93.0,-0.7521053000009488,-2.1153354319370923
